"","model","num.p","num.betas","prct.strong","prct.wai","prct.wbc","c"
"1","Stepwise","30",15,1,0.6,0.2,1
"2","Stepwise","30",16,1,0.6,0.2,1
"3","Stepwise","30",18,1,0.6,0.5,1
"4","Stepwise","30",13,1,0.7,0,1
"5","Stepwise","30",19,1,0.9,0.2,1
"6","Stepwise","30",14,1,0.4,0.2,1
"7","Stepwise","30",19,1,0.6,0.5,1
"8","Stepwise","30",14,1,0.7,0,1
"9","Stepwise","30",16,1,0.6,0.2,1
"10","Stepwise","30",13,1,0.6,0,1
"11","Stepwise","30",16,1,0.6,0.2,1
"12","Stepwise","30",15,1,0.5,0.2,1
"13","Stepwise","30",18,1,0.8,0.2,1
"14","Stepwise","30",15,1,0.5,0.3,1
"15","Stepwise","30",18,1,0.6,0.3,1
"16","Stepwise","30",15,1,0.4,0.4,1
"17","Stepwise","30",16,1,0.7,0.3,1
"18","Stepwise","30",17,1,0.8,0.2,1
"19","Stepwise","30",14,1,0.5,0.1,1
"20","Stepwise","30",11,1,0.4,0.1,1
"21","Stepwise","30",15,1,0.7,0.1,1
"22","Stepwise","30",12,1,0.4,0.2,1
"23","Stepwise","30",22,1,1,0.4,1
"24","Stepwise","30",14,1,0.5,0.2,1
"25","Stepwise","30",15,1,0.7,0.2,1
"26","Stepwise","30",18,1,0.7,0.3,1
"27","Stepwise","30",13,1,0.4,0.2,1
"28","Stepwise","30",15,1,0.5,0.3,1
"29","Stepwise","30",12,1,0.3,0.3,1
"30","Stepwise","30",15,1,0.7,0.2,1
"31","Stepwise","30",14,1,0.7,0,1
"32","Stepwise","30",13,1,0.6,0.1,1
"33","Stepwise","30",21,1,0.6,0.5,1
"34","Stepwise","30",14,1,0.5,0.2,1
"35","Stepwise","30",13,1,0.5,0,1
"36","Stepwise","30",16,1,0.6,0.4,1
"37","Stepwise","30",17,1,0.7,0.4,1
"38","Stepwise","30",11,1,0.4,0.1,1
"39","Stepwise","30",21,1,0.8,0.5,1
"40","Stepwise","30",16,1,0.6,0.2,1
"41","Stepwise","30",14,1,0.7,0.1,1
"42","Stepwise","30",17,1,0.6,0.4,1
"43","Stepwise","30",10,1,0.3,0,1
"44","Stepwise","30",11,1,0.3,0.2,1
"45","Stepwise","30",17,1,0.6,0.4,1
"46","Stepwise","30",15,1,0.5,0.3,1
"47","Stepwise","30",17,1,0.8,0.1,1
"48","Stepwise","30",14,1,0.6,0.2,1
"49","Stepwise","30",14,1,0.6,0.2,1
"50","Stepwise","30",12,1,0.3,0.2,1
"51","Stepwise","30",20,1,0.9,0.3,1
"52","Stepwise","30",19,1,0.7,0.4,1
"53","Stepwise","30",14,1,0.4,0.2,1
"54","Stepwise","30",17,1,0.6,0.2,1
"55","Stepwise","30",15,1,0.5,0.4,1
"56","Stepwise","30",17,1,0.7,0.1,1
"57","Stepwise","30",15,1,0.5,0.3,1
"58","Stepwise","30",14,1,0.6,0.1,1
"59","Stepwise","30",21,1,0.8,0.5,1
"60","Stepwise","30",14,1,0.4,0.3,1
"61","Stepwise","30",17,1,0.6,0.2,1
"62","Stepwise","30",15,1,0.9,0,1
"63","Stepwise","30",14,1,0.5,0.1,1
"64","Stepwise","30",16,1,0.5,0.5,1
"65","Stepwise","30",16,1,0.7,0.2,1
"66","Stepwise","30",17,1,0.7,0.1,1
"67","Stepwise","30",10,1,0.2,0.1,1
"68","Stepwise","30",21,1,0.8,0.3,1
"69","Stepwise","30",15,1,0.5,0.2,1
"70","Stepwise","30",16,1,0.5,0.2,1
"71","Stepwise","30",15,1,0.6,0.2,1
"72","Stepwise","30",18,1,0.9,0.2,1
"73","Stepwise","30",16,1,0.7,0.3,1
"74","Stepwise","30",15,1,0.6,0.2,1
"75","Stepwise","30",14,1,0.5,0.1,1
"76","Stepwise","30",14,1,0.4,0.2,1
"77","Stepwise","30",10,1,0.4,0,1
"78","Stepwise","30",18,1,0.9,0.1,1
"79","Stepwise","30",15,1,0.6,0.2,1
"80","Stepwise","30",15,1,0.8,0.1,1
"81","Stepwise","30",11,1,0.4,0,1
"82","Stepwise","30",21,1,0.8,0.5,1
"83","Stepwise","30",15,1,0.6,0.3,1
"84","Stepwise","30",13,1,0.5,0,1
"85","Stepwise","30",18,1,0.7,0.3,1
"86","Stepwise","30",16,1,0.6,0.2,1
"87","Stepwise","30",17,1,0.9,0,1
"88","Stepwise","30",17,1,0.9,0.1,1
"89","Stepwise","30",14,1,0.4,0.4,1
"90","Stepwise","30",13,1,0.3,0.3,1
"91","Stepwise","30",15,1,0.5,0.2,1
"92","Stepwise","30",14,1,0.7,0.1,1
"93","Stepwise","30",12,1,0.4,0,1
"94","Stepwise","30",12,1,0.4,0.2,1
"95","Stepwise","30",14,1,0.4,0.2,1
"96","Stepwise","30",18,1,0.7,0.3,1
"97","Stepwise","30",17,1,0.6,0.4,1
"98","Stepwise","30",15,1,0.8,0,1
"99","Stepwise","30",20,1,0.7,0.3,1
"100","Stepwise","30",11,1,0.2,0.2,1
"101","Stepwise","40",22,1,0.7,0.6,1
"102","Stepwise","40",18,1,0.5,0.2,1
"103","Stepwise","40",18,1,0.5,0.2,1
"104","Stepwise","40",19,1,0.6,0.4,1
"105","Stepwise","40",15,1,0.7,0.1,1
"106","Stepwise","40",20,1,0.7,0.4,1
"107","Stepwise","40",22,1,0.6,0.7,1
"108","Stepwise","40",13,1,0.6,0.1,1
"109","Stepwise","40",20,1,0.7,0.4,1
"110","Stepwise","40",18,1,0.9,0.1,1
"111","Stepwise","40",23,1,0.8,0.2,1
"112","Stepwise","40",15,1,0.7,0,1
"113","Stepwise","40",17,1,0.7,0.1,1
"114","Stepwise","40",17,1,0.7,0.1,1
"115","Stepwise","40",14,1,0.6,0.1,1
"116","Stepwise","40",15,1,0.4,0.1,1
"117","Stepwise","40",23,1,0.9,0.4,1
"118","Stepwise","40",21,1,0.7,0.2,1
"119","Stepwise","40",16,1,0.6,0.1,1
"120","Stepwise","40",16,1,0.5,0.5,1
"121","Stepwise","40",19,1,0.7,0.4,1
"122","Stepwise","40",15,1,0.7,0.2,1
"123","Stepwise","40",17,1,0.7,0.3,1
"124","Stepwise","40",20,1,0.9,0.1,1
"125","Stepwise","40",17,1,0.8,0.2,1
"126","Stepwise","40",25,1,0.9,0.5,1
"127","Stepwise","40",17,1,0.8,0.2,1
"128","Stepwise","40",15,1,0.8,0,1
"129","Stepwise","40",15,1,0.6,0.2,1
"130","Stepwise","40",23,1,0.7,0.5,1
"131","Stepwise","40",18,1,0.6,0,1
"132","Stepwise","40",13,1,0.6,0.1,1
"133","Stepwise","40",18,1,0.7,0.1,1
"134","Stepwise","40",11,1,0.3,0,1
"135","Stepwise","40",22,1,1,0.3,1
"136","Stepwise","40",17,1,0.5,0.2,1
"137","Stepwise","40",17,1,0.5,0.2,1
"138","Stepwise","40",18,1,0.7,0.2,1
"139","Stepwise","40",18,1,0.6,0.2,1
"140","Stepwise","40",23,1,0.7,0.2,1
"141","Stepwise","40",17,1,0.6,0.3,1
"142","Stepwise","40",15,1,0.4,0.3,1
"143","Stepwise","40",15,1,0.5,0.2,1
"144","Stepwise","40",20,1,0.9,0.3,1
"145","Stepwise","40",16,1,0.7,0.2,1
"146","Stepwise","40",22,1,0.8,0.4,1
"147","Stepwise","40",18,1,0.5,0.2,1
"148","Stepwise","40",18,1,0.8,0.3,1
"149","Stepwise","40",15,1,0.6,0.2,1
"150","Stepwise","40",25,1,1,0.1,1
"151","Stepwise","40",13,1,0.6,0,1
"152","Stepwise","40",22,1,0.7,0.4,1
"153","Stepwise","40",13,1,0.3,0.2,1
"154","Stepwise","40",16,1,0.7,0.2,1
"155","Stepwise","40",18,1,0.5,0.3,1
"156","Stepwise","40",17,1,0.7,0.3,1
"157","Stepwise","40",17,1,0.6,0.4,1
"158","Stepwise","40",20,1,0.6,0.3,1
"159","Stepwise","40",16,1,0.5,0.2,1
"160","Stepwise","40",12,1,0.3,0.2,1
"161","Stepwise","40",19,1,0.7,0.3,1
"162","Stepwise","40",20,1,0.6,0.2,1
"163","Stepwise","40",19,1,0.7,0.3,1
"164","Stepwise","40",22,1,0.8,0.3,1
"165","Stepwise","40",23,1,0.8,0.7,1
"166","Stepwise","40",17,1,0.5,0.2,1
"167","Stepwise","40",21,1,0.6,0.3,1
"168","Stepwise","40",17,1,0.5,0.3,1
"169","Stepwise","40",17,1,0.6,0.2,1
"170","Stepwise","40",22,1,0.7,0.4,1
"171","Stepwise","40",19,1,0.7,0.2,1
"172","Stepwise","40",21,1,0.7,0.5,1
"173","Stepwise","40",18,1,0.8,0.3,1
"174","Stepwise","40",15,1,0.4,0.4,1
"175","Stepwise","40",19,1,0.6,0.3,1
"176","Stepwise","40",18,1,0.5,0.2,1
"177","Stepwise","40",17,1,0.5,0.2,1
"178","Stepwise","40",15,1,0.5,0.2,1
"179","Stepwise","40",21,1,0.8,0.2,1
"180","Stepwise","40",17,1,0.4,0.3,1
"181","Stepwise","40",20,1,0.6,0.3,1
"182","Stepwise","40",22,1,0.7,0.3,1
"183","Stepwise","40",28,1,0.8,1,1
"184","Stepwise","40",15,1,0.6,0.2,1
"185","Stepwise","40",17,1,0.8,0,1
"186","Stepwise","40",17,1,0.7,0.2,1
"187","Stepwise","40",19,1,0.5,0.3,1
"188","Stepwise","40",21,1,0.8,0.3,1
"189","Stepwise","40",21,1,0.6,0.4,1
"190","Stepwise","40",23,1,0.8,0.4,1
"191","Stepwise","40",16,1,0.6,0.2,1
"192","Stepwise","40",21,1,0.7,0.3,1
"193","Stepwise","40",18,1,0.7,0.2,1
"194","Stepwise","40",21,1,1,0.2,1
"195","Stepwise","40",12,1,0.2,0.2,1
"196","Stepwise","40",15,1,0.4,0.2,1
"197","Stepwise","40",15,1,0.7,0.1,1
"198","Stepwise","40",22,1,0.6,0.5,1
"199","Stepwise","40",16,1,0.8,0.2,1
"200","Stepwise","40",21,1,0.7,0.2,1
"201","Stepwise","50",17,1,0.6,0.1,1
"202","Stepwise","50",25,1,0.9,0.1,1
"203","Stepwise","50",21,1,0.8,0.1,1
"204","Stepwise","50",22,1,0.5,0.6,1
"205","Stepwise","50",13,1,0.4,0.1,1
"206","Stepwise","50",25,1,0.7,0.3,1
"207","Stepwise","50",25,1,0.9,0.2,1
"208","Stepwise","50",26,1,0.6,0.3,1
"209","Stepwise","50",22,1,0.9,0.2,1
"210","Stepwise","50",21,1,0.5,0.5,1
"211","Stepwise","50",19,1,1,0.1,1
"212","Stepwise","50",24,1,0.6,0.5,1
"213","Stepwise","50",21,1,0.6,0.2,1
"214","Stepwise","50",24,1,0.9,0.4,1
"215","Stepwise","50",20,1,0.4,0,1
"216","Stepwise","50",21,1,0.5,0.3,1
"217","Stepwise","50",17,1,0.5,0.1,1
"218","Stepwise","50",25,1,1,0.3,1
"219","Stepwise","50",21,1,0.5,0.3,1
"220","Stepwise","50",18,1,0.5,0.3,1
"221","Stepwise","50",36,1,0.8,1,1
"222","Stepwise","50",17,1,0.2,0,1
"223","Stepwise","50",23,1,0.9,0.5,1
"224","Stepwise","50",20,1,0.8,0.1,1
"225","Stepwise","50",17,1,0.6,0.1,1
"226","Stepwise","50",17,1,0.5,0.2,1
"227","Stepwise","50",22,1,0.3,0.4,1
"228","Stepwise","50",19,1,0.9,0,1
"229","Stepwise","50",21,1,0.9,0.1,1
"230","Stepwise","50",16,1,0.4,0.3,1
"231","Stepwise","50",20,1,0.3,0.3,1
"232","Stepwise","50",25,1,0.7,0.4,1
"233","Stepwise","50",21,1,0.6,0.1,1
"234","Stepwise","50",21,1,0.8,0.2,1
"235","Stepwise","50",25,1,0.6,0.4,1
"236","Stepwise","50",22,1,0.6,0.2,1
"237","Stepwise","50",18,1,0.6,0.1,1
"238","Stepwise","50",15,1,0.2,0.2,1
"239","Stepwise","50",22,1,0.7,0.3,1
"240","Stepwise","50",24,1,0.3,0.6,1
"241","Stepwise","50",27,1,0.9,0.3,1
"242","Stepwise","50",19,1,0.8,0.2,1
"243","Stepwise","50",19,1,0.7,0.1,1
"244","Stepwise","50",26,1,0.7,0.3,1
"245","Stepwise","50",23,1,0.9,0.1,1
"246","Stepwise","50",20,1,0.6,0.4,1
"247","Stepwise","50",20,1,0.3,0.6,1
"248","Stepwise","50",21,1,0.9,0.2,1
"249","Stepwise","50",19,1,0.8,0.1,1
"250","Stepwise","50",23,1,0.7,0.2,1
"251","Stepwise","50",15,1,0.4,0.2,1
"252","Stepwise","50",22,1,0.6,0.2,1
"253","Stepwise","50",23,1,0.7,0.3,1
"254","Stepwise","50",30,1,0.7,0.6,1
"255","Stepwise","50",29,1,0.8,0.5,1
"256","Stepwise","50",17,1,0.6,0.1,1
"257","Stepwise","50",29,1,0.9,0.7,1
"258","Stepwise","50",29,1,0.8,0.5,1
"259","Stepwise","50",23,1,0.8,0.3,1
"260","Stepwise","50",18,1,0.5,0.1,1
"261","Stepwise","50",24,1,0.7,0.2,1
"262","Stepwise","50",26,1,1,0.3,1
"263","Stepwise","50",24,1,0.7,0.7,1
"264","Stepwise","50",23,1,0.7,0.3,1
"265","Stepwise","50",14,1,0.2,0.2,1
"266","Stepwise","50",18,1,0.2,0.3,1
"267","Stepwise","50",21,1,0.5,0.7,1
"268","Stepwise","50",29,1,0.6,0.5,1
"269","Stepwise","50",19,1,0.6,0.1,1
"270","Stepwise","50",25,1,0.7,0.1,1
"271","Stepwise","50",24,1,0.6,0.2,1
"272","Stepwise","50",22,1,0.7,0.2,1
"273","Stepwise","50",20,1,0.8,0.3,1
"274","Stepwise","50",20,1,0.4,0.5,1
"275","Stepwise","50",24,1,0.7,0.4,1
"276","Stepwise","50",20,1,0.5,0.1,1
"277","Stepwise","50",21,1,0.6,0.4,1
"278","Stepwise","50",20,1,0.7,0.3,1
"279","Stepwise","50",25,1,0.7,0.4,1
"280","Stepwise","50",21,1,0.6,0.5,1
"281","Stepwise","50",22,1,0.5,0.4,1
"282","Stepwise","50",17,1,0.4,0.4,1
"283","Stepwise","50",21,1,0.8,0.3,1
"284","Stepwise","50",22,1,0.7,0.2,1
"285","Stepwise","50",23,1,0.8,0.2,1
"286","Stepwise","50",22,1,0.8,0.2,1
"287","Stepwise","50",30,1,0.8,0.5,1
"288","Stepwise","50",17,1,0.6,0.2,1
"289","Stepwise","50",16,1,0.7,0.1,1
"290","Stepwise","50",22,1,0.9,0.1,1
"291","Stepwise","50",19,1,0.6,0.3,1
"292","Stepwise","50",23,1,0.8,0,1
"293","Stepwise","50",18,1,0.6,0.3,1
"294","Stepwise","50",15,1,0.3,0.4,1
"295","Stepwise","50",20,1,0.8,0.2,1
"296","Stepwise","50",23,1,0.7,0.4,1
"297","Stepwise","50",24,1,0.6,0.3,1
"298","Stepwise","50",22,1,0.7,0.1,1
"299","Stepwise","50",16,1,0.6,0.1,1
"300","Stepwise","50",20,1,0.7,0.3,1
"301","Stepwise","60",24,1,0.5,0.3,1
"302","Stepwise","60",28,1,0.7,0.5,1
"303","Stepwise","60",30,1,0.8,0.3,1
"304","Stepwise","60",18,1,0.5,0,1
"305","Stepwise","60",23,1,0.6,0.5,1
"306","Stepwise","60",24,1,0.7,0.1,1
"307","Stepwise","60",16,1,0.6,0.1,1
"308","Stepwise","60",26,1,0.7,0,1
"309","Stepwise","60",36,1,0.9,0.5,1
"310","Stepwise","60",31,1,0.9,0.3,1
"311","Stepwise","60",25,1,0.9,0.2,1
"312","Stepwise","60",27,1,1,0.1,1
"313","Stepwise","60",24,1,0.4,0.3,1
"314","Stepwise","60",17,1,0.7,0.1,1
"315","Stepwise","60",22,1,0.8,0.1,1
"316","Stepwise","60",27,1,0.7,0.4,1
"317","Stepwise","60",23,1,0.6,0.2,1
"318","Stepwise","60",32,1,0.7,0.7,1
"319","Stepwise","60",28,1,0.8,0.2,1
"320","Stepwise","60",26,1,0.8,0.3,1
"321","Stepwise","60",25,1,0.4,0.4,1
"322","Stepwise","60",29,1,1,0.3,1
"323","Stepwise","60",26,1,0.6,0.3,1
"324","Stepwise","60",26,1,0.7,0.5,1
"325","Stepwise","60",26,1,0.6,0.3,1
"326","Stepwise","60",32,1,0.7,0.5,1
"327","Stepwise","60",30,1,0.5,0.4,1
"328","Stepwise","60",25,1,0.7,0.3,1
"329","Stepwise","60",27,1,0.9,0.1,1
"330","Stepwise","60",28,1,0.7,0.2,1
"331","Stepwise","60",24,1,0.7,0.1,1
"332","Stepwise","60",33,1,0.7,0.6,1
"333","Stepwise","60",43,1,0.9,0.9,1
"334","Stepwise","60",30,1,0.8,0.3,1
"335","Stepwise","60",19,1,0.7,0,1
"336","Stepwise","60",21,1,0.6,0.3,1
"337","Stepwise","60",28,1,0.6,0.6,1
"338","Stepwise","60",18,1,0.5,0.2,1
"339","Stepwise","60",25,1,0.8,0.4,1
"340","Stepwise","60",21,1,0.7,0.3,1
"341","Stepwise","60",29,1,0.9,0.3,1
"342","Stepwise","60",17,1,0.6,0.1,1
"343","Stepwise","60",21,1,0.7,0.1,1
"344","Stepwise","60",21,1,0.6,0.2,1
"345","Stepwise","60",15,1,0.5,0.1,1
"346","Stepwise","60",30,1,0.4,0.2,1
"347","Stepwise","60",32,1,0.7,0.4,1
"348","Stepwise","60",24,1,0.3,0.2,1
"349","Stepwise","60",20,1,0.9,0.1,1
"350","Stepwise","60",18,1,0.4,0.1,1
"351","Stepwise","60",19,1,0.8,0.1,1
"352","Stepwise","60",28,1,0.6,0.5,1
"353","Stepwise","60",29,1,0.4,0.3,1
"354","Stepwise","60",34,1,0.8,0.6,1
"355","Stepwise","60",23,1,0.5,0,1
"356","Stepwise","60",18,1,0.5,0.2,1
"357","Stepwise","60",20,1,0.5,0.2,1
"358","Stepwise","60",22,1,0.5,0.2,1
"359","Stepwise","60",25,1,0.6,0.4,1
"360","Stepwise","60",27,1,0.4,0.3,1
"361","Stepwise","60",28,1,0.8,0.4,1
"362","Stepwise","60",34,1,0.6,0.6,1
"363","Stepwise","60",24,1,0.7,0.2,1
"364","Stepwise","60",24,1,0.8,0.1,1
"365","Stepwise","60",28,1,0.9,0.5,1
"366","Stepwise","60",25,1,0.5,0.3,1
"367","Stepwise","60",29,1,0.8,0.2,1
"368","Stepwise","60",20,1,0.7,0.3,1
"369","Stepwise","60",29,1,0.6,0.3,1
"370","Stepwise","60",29,1,0.6,0.3,1
"371","Stepwise","60",16,1,0.4,0.1,1
"372","Stepwise","60",29,1,0.6,0.6,1
"373","Stepwise","60",24,1,0.8,0.2,1
"374","Stepwise","60",26,1,0.8,0.2,1
"375","Stepwise","60",29,1,0.9,0.2,1
"376","Stepwise","60",36,1,1,0.5,1
"377","Stepwise","60",26,1,0.6,0.3,1
"378","Stepwise","60",22,1,0.7,0.3,1
"379","Stepwise","60",23,1,0.6,0.3,1
"380","Stepwise","60",27,1,0.8,0.4,1
"381","Stepwise","60",30,1,0.9,0.6,1
"382","Stepwise","60",28,1,0.5,0.4,1
"383","Stepwise","60",23,1,0.8,0.3,1
"384","Stepwise","60",29,1,0.8,0.4,1
"385","Stepwise","60",23,1,0.8,0.1,1
"386","Stepwise","60",22,1,0.6,0.3,1
"387","Stepwise","60",31,1,0.8,0.5,1
"388","Stepwise","60",29,1,0.6,0.2,1
"389","Stepwise","60",27,1,0.7,0.5,1
"390","Stepwise","60",24,1,0.4,0.3,1
"391","Stepwise","60",28,1,0.8,0.3,1
"392","Stepwise","60",22,1,0.8,0.1,1
"393","Stepwise","60",25,1,0.6,0.4,1
"394","Stepwise","60",30,1,0.7,0.1,1
"395","Stepwise","60",19,1,0.6,0.1,1
"396","Stepwise","60",39,1,0.8,1,1
"397","Stepwise","60",24,1,0.8,0.3,1
"398","Stepwise","60",25,1,0.4,0.5,1
"399","Stepwise","60",30,1,0.7,0.3,1
"400","Stepwise","60",31,1,0.5,0.6,1
"401","Stepwise","70",33,1,0.7,0.3,1
"402","Stepwise","70",26,1,0.3,0.4,1
"403","Stepwise","70",33,1,0.7,0.6,1
"404","Stepwise","70",40,1,0.8,0.4,1
"405","Stepwise","70",27,1,0.5,0.4,1
"406","Stepwise","70",34,1,1,0.5,1
"407","Stepwise","70",39,1,0.8,0.4,1
"408","Stepwise","70",34,1,0.5,0.6,1
"409","Stepwise","70",26,1,0.8,0,1
"410","Stepwise","70",23,1,0.6,0.2,1
"411","Stepwise","70",22,1,0.4,0.1,1
"412","Stepwise","70",39,1,0.9,0.3,1
"413","Stepwise","70",28,1,0.5,0.2,1
"414","Stepwise","70",28,1,0.8,0.1,1
"415","Stepwise","70",32,1,0.8,0.2,1
"416","Stepwise","70",31,1,0.6,0.4,1
"417","Stepwise","70",28,1,0.9,0.2,1
"418","Stepwise","70",38,1,0.8,0.1,1
"419","Stepwise","70",34,1,0.6,0.2,1
"420","Stepwise","70",24,1,0.5,0.2,1
"421","Stepwise","70",25,1,0.6,0.3,1
"422","Stepwise","70",46,1,0.8,0.7,1
"423","Stepwise","70",42,1,0.8,0.7,1
"424","Stepwise","70",28,1,0.8,0.2,1
"425","Stepwise","70",35,1,0.9,0.3,1
"426","Stepwise","70",43,1,0.7,0.6,1
"427","Stepwise","70",37,1,0.6,0.6,1
"428","Stepwise","70",44,1,0.8,0.7,1
"429","Stepwise","70",31,1,0.8,0.3,1
"430","Stepwise","70",28,1,0.5,0.5,1
"431","Stepwise","70",31,1,0.8,0.3,1
"432","Stepwise","70",17,1,0.3,0.2,1
"433","Stepwise","70",25,1,0.7,0.3,1
"434","Stepwise","70",35,1,0.7,0.2,1
"435","Stepwise","70",20,1,0.3,0.2,1
"436","Stepwise","70",32,1,0.9,0.5,1
"437","Stepwise","70",36,1,0.8,0.6,1
"438","Stepwise","70",28,1,0.8,0.3,1
"439","Stepwise","70",27,1,0.8,0.2,1
"440","Stepwise","70",29,1,0.7,0.3,1
"441","Stepwise","70",21,1,0.7,0.1,1
"442","Stepwise","70",26,1,0.4,0.2,1
"443","Stepwise","70",35,1,0.8,0.6,1
"444","Stepwise","70",27,1,0.7,0.1,1
"445","Stepwise","70",28,1,0.8,0.3,1
"446","Stepwise","70",36,1,1,0.3,1
"447","Stepwise","70",24,1,0.7,0.1,1
"448","Stepwise","70",34,1,0.7,0.4,1
"449","Stepwise","70",40,1,0.9,0.7,1
"450","Stepwise","70",27,1,0.6,0.4,1
"451","Stepwise","70",24,1,0.8,0.2,1
"452","Stepwise","70",30,1,0.7,0.4,1
"453","Stepwise","70",31,1,0.8,0.3,1
"454","Stepwise","70",32,1,0.5,0.3,1
"455","Stepwise","70",35,1,0.8,0.4,1
"456","Stepwise","70",26,1,0.6,0.3,1
"457","Stepwise","70",39,1,0.8,0.6,1
"458","Stepwise","70",20,1,0.8,0,1
"459","Stepwise","70",33,1,0.7,0.3,1
"460","Stepwise","70",43,1,0.8,0.5,1
"461","Stepwise","70",31,1,0.9,0.3,1
"462","Stepwise","70",22,1,0.5,0.1,1
"463","Stepwise","70",37,1,0.7,0.6,1
"464","Stepwise","70",44,1,0.8,0.7,1
"465","Stepwise","70",35,1,0.6,0.2,1
"466","Stepwise","70",29,1,0.5,0.2,1
"467","Stepwise","70",29,1,0.6,0,1
"468","Stepwise","70",26,1,0.8,0.4,1
"469","Stepwise","70",24,1,0.4,0.2,1
"470","Stepwise","70",19,1,0.1,0.3,1
"471","Stepwise","70",44,1,0.9,0.5,1
"472","Stepwise","70",25,1,0.6,0.3,1
"473","Stepwise","70",33,1,0.8,0.3,1
"474","Stepwise","70",22,1,0.4,0,1
"475","Stepwise","70",28,1,0.7,0.5,1
"476","Stepwise","70",40,1,0.8,0.5,1
"477","Stepwise","70",38,1,0.7,0.4,1
"478","Stepwise","70",19,1,0.5,0.2,1
"479","Stepwise","70",28,1,0.5,0.4,1
"480","Stepwise","70",31,1,0.4,0.4,1
"481","Stepwise","70",26,1,0.4,0.3,1
"482","Stepwise","70",29,1,0.5,0.6,1
"483","Stepwise","70",24,1,0.6,0.2,1
"484","Stepwise","70",41,1,1,0.4,1
"485","Stepwise","70",37,1,0.7,0.4,1
"486","Stepwise","70",32,1,0.7,0.6,1
"487","Stepwise","70",29,1,0.7,0.1,1
"488","Stepwise","70",19,1,0.5,0.1,1
"489","Stepwise","70",29,1,0.5,0.2,1
"490","Stepwise","70",26,1,0.5,0.4,1
"491","Stepwise","70",18,1,0.3,0.1,1
"492","Stepwise","70",54,1,0.7,1,1
"493","Stepwise","70",38,1,0.7,0.4,1
"494","Stepwise","70",16,1,0.4,0.2,1
"495","Stepwise","70",27,1,0.6,0.4,1
"496","Stepwise","70",30,1,0.4,0.4,1
"497","Stepwise","70",27,1,0.8,0.1,1
"498","Stepwise","70",35,1,0.8,0.2,1
"499","Stepwise","70",20,1,0.5,0.3,1
"500","Stepwise","70",33,1,1,0.3,1
"501","Stepwise","80",25,1,0.6,0.4,1
"502","Stepwise","80",36,1,0.6,0.6,1
"503","Stepwise","80",47,1,0.7,0.9,1
"504","Stepwise","80",31,1,0.8,0.2,1
"505","Stepwise","80",38,1,0.7,0.4,1
"506","Stepwise","80",38,1,0.9,0.4,1
"507","Stepwise","80",27,1,0.4,0.3,1
"508","Stepwise","80",39,1,0.6,0.4,1
"509","Stepwise","80",47,1,0.7,0.5,1
"510","Stepwise","80",43,1,0.7,1,1
"511","Stepwise","80",33,1,0.8,0.3,1
"512","Stepwise","80",30,1,0.5,0.3,1
"513","Stepwise","80",17,1,0.4,0,1
"514","Stepwise","80",28,1,0.8,0.3,1
"515","Stepwise","80",26,1,0.7,0.2,1
"516","Stepwise","80",25,1,0.5,0.2,1
"517","Stepwise","80",50,1,0.5,1,1
"518","Stepwise","80",24,1,0.4,0.3,1
"519","Stepwise","80",28,1,0.4,0.2,1
"520","Stepwise","80",35,1,0.7,0.4,1
"521","Stepwise","80",33,1,0.8,0.3,1
"522","Stepwise","80",32,1,0.6,0.5,1
"523","Stepwise","80",25,1,0.6,0.3,1
"524","Stepwise","80",23,1,0.4,0.3,1
"525","Stepwise","80",47,1,0.8,0.6,1
"526","Stepwise","80",54,1,0.8,0.5,1
"527","Stepwise","80",36,1,0.7,0.4,1
"528","Stepwise","80",45,1,0.6,0.6,1
"529","Stepwise","80",45,1,0.9,0.4,1
"530","Stepwise","80",28,1,0.8,0.2,1
"531","Stepwise","80",30,1,0.4,0.2,1
"532","Stepwise","80",47,1,0.6,0.5,1
"533","Stepwise","80",28,1,0.5,0.3,1
"534","Stepwise","80",33,1,0.6,0.2,1
"535","Stepwise","80",46,1,0.6,0.7,1
"536","Stepwise","80",32,1,0.7,0.4,1
"537","Stepwise","80",50,1,1,0.9,1
"538","Stepwise","80",54,1,0.6,0.5,1
"539","Stepwise","80",40,1,0.9,0.4,1
"540","Stepwise","80",34,1,0.8,0.1,1
"541","Stepwise","80",29,1,0.6,0.4,1
"542","Stepwise","80",25,1,0.5,0.2,1
"543","Stepwise","80",33,1,0.6,0.2,1
"544","Stepwise","80",27,1,0.6,0.1,1
"545","Stepwise","80",65,1,1,0.7,1
"546","Stepwise","80",31,1,0.6,0.2,1
"547","Stepwise","80",62,1,0.9,0.7,1
"548","Stepwise","80",26,1,0.4,0.3,1
"549","Stepwise","80",33,1,0.6,0.1,1
"550","Stepwise","80",52,1,0.9,0.8,1
"551","Stepwise","80",40,1,0.6,0.4,1
"552","Stepwise","80",63,1,1,0.9,1
"553","Stepwise","80",55,1,0.7,0.7,1
"554","Stepwise","80",32,1,0.7,0.3,1
"555","Stepwise","80",39,1,0.9,0.2,1
"556","Stepwise","80",46,1,0.9,0.5,1
"557","Stepwise","80",29,1,0.8,0.4,1
"558","Stepwise","80",63,1,1,0.8,1
"559","Stepwise","80",28,1,0.7,0.1,1
"560","Stepwise","80",43,1,0.9,0.4,1
"561","Stepwise","80",28,1,0.6,0.2,1
"562","Stepwise","80",34,1,0.7,0.6,1
"563","Stepwise","80",27,1,0.6,0.4,1
"564","Stepwise","80",38,1,0.4,0.3,1
"565","Stepwise","80",47,1,0.6,0.6,1
"566","Stepwise","80",32,1,0.3,0.6,1
"567","Stepwise","80",37,1,0.9,0.4,1
"568","Stepwise","80",35,1,0.6,0.1,1
"569","Stepwise","80",32,1,0.7,0.1,1
"570","Stepwise","80",36,1,0.6,0.3,1
"571","Stepwise","80",24,1,0.8,0.1,1
"572","Stepwise","80",54,1,0.8,0.5,1
"573","Stepwise","80",29,1,0.4,0.5,1
"574","Stepwise","80",39,1,0.9,0.5,1
"575","Stepwise","80",47,1,0.7,0.4,1
"576","Stepwise","80",48,1,0.7,1,1
"577","Stepwise","80",47,1,0.9,0.7,1
"578","Stepwise","80",50,1,0.9,0.6,1
"579","Stepwise","80",27,1,0.6,0.2,1
"580","Stepwise","80",65,1,0.9,0.8,1
"581","Stepwise","80",44,1,0.8,0.8,1
"582","Stepwise","80",45,1,0.7,0.4,1
"583","Stepwise","80",33,1,0.7,0.2,1
"584","Stepwise","80",65,1,0.7,0.8,1
"585","Stepwise","80",54,1,1,0.5,1
"586","Stepwise","80",25,1,0.4,0,1
"587","Stepwise","80",42,1,0.6,0.5,1
"588","Stepwise","80",36,1,0.7,0.4,1
"589","Stepwise","80",34,1,0.6,0.3,1
"590","Stepwise","80",33,1,0.7,0.3,1
"591","Stepwise","80",32,1,0.7,0.4,1
"592","Stepwise","80",43,1,0.8,0.6,1
"593","Stepwise","80",40,1,0.5,0.6,1
"594","Stepwise","80",39,1,0.7,0,1
"595","Stepwise","80",31,1,0.9,0.2,1
"596","Stepwise","80",30,1,0.6,0.2,1
"597","Stepwise","80",41,1,0.7,0.1,1
"598","Stepwise","80",39,1,0.5,0.1,1
"599","Stepwise","80",42,1,0.8,0.5,1
"600","Stepwise","80",46,1,0.9,0.8,1
"601","Stepwise","90",38,1,0.5,0.6,1
"602","Stepwise","90",27,1,0.6,0.2,1
"603","Stepwise","90",78,1,1,0.7,1
"604","Stepwise","90",52,1,0.8,0.4,1
"605","Stepwise","90",52,1,0.7,0.5,1
"606","Stepwise","90",34,1,0.5,0.3,1
"607","Stepwise","90",36,1,0.5,0.5,1
"608","Stepwise","90",35,1,0.9,0.4,1
"609","Stepwise","90",25,1,0.6,0.1,1
"610","Stepwise","90",30,1,0.7,0.2,1
"611","Stepwise","90",60,1,0.8,0.8,1
"612","Stepwise","90",30,1,0.4,0.3,1
"613","Stepwise","90",40,1,0.6,0.6,1
"614","Stepwise","90",40,1,0.7,0.5,1
"615","Stepwise","90",55,1,0.9,0.6,1
"616","Stepwise","90",60,1,0.9,1,1
"617","Stepwise","90",64,1,0.5,0.6,1
"618","Stepwise","90",60,1,0.7,0.7,1
"619","Stepwise","90",44,1,1,0.4,1
"620","Stepwise","90",34,1,0.6,0.2,1
"621","Stepwise","90",39,1,0.9,0.1,1
"622","Stepwise","90",47,1,0.4,0.8,1
"623","Stepwise","90",36,1,0.8,0.4,1
"624","Stepwise","90",52,1,0.9,0.8,1
"625","Stepwise","90",28,1,0.4,0.4,1
"626","Stepwise","90",60,1,0.9,0.5,1
"627","Stepwise","90",30,1,0.9,0.2,1
"628","Stepwise","90",88,1,1,1,1
"629","Stepwise","90",62,1,0.8,0.6,1
"630","Stepwise","90",75,1,1,0.8,1
"631","Stepwise","90",47,1,0.8,0.4,1
"632","Stepwise","90",56,1,0.8,0.5,1
"633","Stepwise","90",52,1,0.8,0.5,1
"634","Stepwise","90",48,1,0.8,0.3,1
"635","Stepwise","90",43,1,0.9,0.1,1
"636","Stepwise","90",51,1,0.7,0.6,1
"637","Stepwise","90",60,1,1,0.7,1
"638","Stepwise","90",32,1,0.8,0.4,1
"639","Stepwise","90",35,1,0.8,0.4,1
"640","Stepwise","90",61,1,0.8,0.7,1
"641","Stepwise","90",36,1,0.7,0.4,1
"642","Stepwise","90",61,1,0.6,0.8,1
"643","Stepwise","90",56,1,0.8,0.6,1
"644","Stepwise","90",28,1,0.6,0.1,1
"645","Stepwise","90",58,1,1,0.4,1
"646","Stepwise","90",44,1,0.8,0.3,1
"647","Stepwise","90",42,1,0.7,0.1,1
"648","Stepwise","90",45,1,0.6,0.4,1
"649","Stepwise","90",42,1,0.7,0.1,1
"650","Stepwise","90",73,1,0.9,0.9,1
"651","Stepwise","90",39,1,0.7,0.2,1
"652","Stepwise","90",54,1,0.7,0.3,1
"653","Stepwise","90",23,1,0.6,0.2,1
"654","Stepwise","90",33,1,0.5,0.7,1
"655","Stepwise","90",29,1,0.8,0.3,1
"656","Stepwise","90",51,1,0.7,0.2,1
"657","Stepwise","90",30,1,0.3,0.3,1
"658","Stepwise","90",73,1,0.9,0.9,1
"659","Stepwise","90",63,1,0.9,0.4,1
"660","Stepwise","90",51,1,0.7,0.6,1
"661","Stepwise","90",37,1,0.4,0.5,1
"662","Stepwise","90",38,1,0.9,0.1,1
"663","Stepwise","90",22,1,0.6,0.1,1
"664","Stepwise","90",68,1,0.9,0.6,1
"665","Stepwise","90",45,1,0.6,0.3,1
"666","Stepwise","90",51,1,0.6,0.2,1
"667","Stepwise","90",55,1,0.9,0.3,1
"668","Stepwise","90",62,1,0.9,0.5,1
"669","Stepwise","90",51,1,0.8,0.6,1
"670","Stepwise","90",42,1,0.8,0.4,1
"671","Stepwise","90",62,1,0.8,0.8,1
"672","Stepwise","90",57,1,0.6,0.6,1
"673","Stepwise","90",33,1,0.6,0.1,1
"674","Stepwise","90",47,1,0.7,0.7,1
"675","Stepwise","90",63,1,0.9,0.6,1
"676","Stepwise","90",29,1,0.6,0.2,1
"677","Stepwise","90",90,1,1,0.9,1
"678","Stepwise","90",49,1,0.7,0.4,1
"679","Stepwise","90",49,1,0.7,0.6,1
"680","Stepwise","90",25,1,0.4,0.2,1
"681","Stepwise","90",35,1,0.5,0.2,1
"682","Stepwise","90",38,1,0.8,0.3,1
"683","Stepwise","90",37,1,0.7,0.2,1
"684","Stepwise","90",77,1,0.9,0.8,1
"685","Stepwise","90",33,1,0.5,0.5,1
"686","Stepwise","90",67,1,0.9,0.8,1
"687","Stepwise","90",43,1,0.7,0.5,1
"688","Stepwise","90",77,1,0.9,0.7,1
"689","Stepwise","90",36,1,0.4,0.2,1
"690","Stepwise","90",74,1,0.8,0.7,1
"691","Stepwise","90",83,1,1,0.9,1
"692","Stepwise","90",69,1,0.8,0.8,1
"693","Stepwise","90",59,1,0.7,0.5,1
"694","Stepwise","90",71,1,0.8,0.8,1
"695","Stepwise","90",53,1,0.6,0.5,1
"696","Stepwise","90",58,1,1,0.7,1
"697","Stepwise","90",67,1,0.8,0.7,1
"698","Stepwise","90",32,1,0.5,0.4,1
"699","Stepwise","90",34,1,0.6,0.6,1
"700","Stepwise","90",49,1,0.6,0.5,1
"701","Stepwise","30",20,1,1,0.3,2
"702","Stepwise","30",22,1,1,0.3,2
"703","Stepwise","30",18,1,1,0.2,2
"704","Stepwise","30",22,1,1,0.3,2
"705","Stepwise","30",16,1,1,0,2
"706","Stepwise","30",20,1,0.8,0.4,2
"707","Stepwise","30",17,1,0.8,0.2,2
"708","Stepwise","30",22,1,1,0.4,2
"709","Stepwise","30",20,1,0.9,0.3,2
"710","Stepwise","30",23,1,0.9,0.7,2
"711","Stepwise","30",20,1,0.9,0.5,2
"712","Stepwise","30",20,1,1,0.3,2
"713","Stepwise","30",19,1,1,0.2,2
"714","Stepwise","30",21,1,1,0.3,2
"715","Stepwise","30",15,1,0.9,0,2
"716","Stepwise","30",20,1,1,0.4,2
"717","Stepwise","30",19,1,1,0.1,2
"718","Stepwise","30",19,1,1,0.2,2
"719","Stepwise","30",24,1,1,0.6,2
"720","Stepwise","30",21,1,1,0.4,2
"721","Stepwise","30",19,1,1,0.3,2
"722","Stepwise","30",19,1,1,0.1,2
"723","Stepwise","30",23,1,0.9,0.5,2
"724","Stepwise","30",21,1,1,0.4,2
"725","Stepwise","30",17,1,0.9,0.2,2
"726","Stepwise","30",16,1,0.9,0.1,2
"727","Stepwise","30",22,1,1,0.5,2
"728","Stepwise","30",18,1,0.9,0.2,2
"729","Stepwise","30",20,1,0.9,0.2,2
"730","Stepwise","30",20,1,0.8,0.5,2
"731","Stepwise","30",17,1,0.8,0.3,2
"732","Stepwise","30",25,1,1,0.7,2
"733","Stepwise","30",28,1,1,1,2
"734","Stepwise","30",17,1,1,0.1,2
"735","Stepwise","30",22,1,1,0.4,2
"736","Stepwise","30",23,1,1,0.6,2
"737","Stepwise","30",25,1,0.9,0.8,2
"738","Stepwise","30",17,1,1,0,2
"739","Stepwise","30",16,1,1,0,2
"740","Stepwise","30",17,1,1,0.1,2
"741","Stepwise","30",22,1,1,0.6,2
"742","Stepwise","30",21,1,1,0.5,2
"743","Stepwise","30",21,1,1,0.5,2
"744","Stepwise","30",23,1,0.8,0.7,2
"745","Stepwise","30",20,1,0.8,0.4,2
"746","Stepwise","30",18,1,0.8,0.3,2
"747","Stepwise","30",23,1,0.9,0.7,2
"748","Stepwise","30",15,1,0.8,0.1,2
"749","Stepwise","30",21,1,1,0.4,2
"750","Stepwise","30",20,1,0.9,0.4,2
"751","Stepwise","30",18,1,0.9,0.2,2
"752","Stepwise","30",18,1,1,0.2,2
"753","Stepwise","30",19,1,0.9,0.3,2
"754","Stepwise","30",16,1,0.9,0.1,2
"755","Stepwise","30",17,1,0.9,0.2,2
"756","Stepwise","30",18,1,1,0.1,2
"757","Stepwise","30",22,1,1,0.4,2
"758","Stepwise","30",23,1,1,0.6,2
"759","Stepwise","30",21,1,1,0.3,2
"760","Stepwise","30",18,1,1,0.1,2
"761","Stepwise","30",26,1,1,0.8,2
"762","Stepwise","30",19,1,1,0.2,2
"763","Stepwise","30",18,1,1,0.1,2
"764","Stepwise","30",15,1,0.9,0,2
"765","Stepwise","30",21,1,1,0.4,2
"766","Stepwise","30",17,1,0.6,0.5,2
"767","Stepwise","30",28,1,1,1,2
"768","Stepwise","30",20,1,0.9,0.4,2
"769","Stepwise","30",27,1,1,0.8,2
"770","Stepwise","30",22,1,1,0.6,2
"771","Stepwise","30",21,1,1,0.4,2
"772","Stepwise","30",19,1,0.9,0.3,2
"773","Stepwise","30",19,1,1,0.3,2
"774","Stepwise","30",21,1,0.8,0.4,2
"775","Stepwise","30",22,1,1,0.5,2
"776","Stepwise","30",19,1,0.9,0.3,2
"777","Stepwise","30",19,1,1,0.3,2
"778","Stepwise","30",19,1,1,0.3,2
"779","Stepwise","30",17,1,0.9,0.1,2
"780","Stepwise","30",18,1,1,0.2,2
"781","Stepwise","30",20,1,1,0.3,2
"782","Stepwise","30",17,1,1,0.1,2
"783","Stepwise","30",17,1,0.9,0.2,2
"784","Stepwise","30",19,1,1,0.3,2
"785","Stepwise","30",19,1,0.9,0.2,2
"786","Stepwise","30",17,1,0.9,0.1,2
"787","Stepwise","30",21,1,0.9,0.4,2
"788","Stepwise","30",21,1,0.9,0.4,2
"789","Stepwise","30",16,1,0.9,0.1,2
"790","Stepwise","30",18,1,0.9,0.2,2
"791","Stepwise","30",18,1,1,0.1,2
"792","Stepwise","30",21,1,1,0.4,2
"793","Stepwise","30",19,1,1,0.3,2
"794","Stepwise","30",19,1,1,0.2,2
"795","Stepwise","30",20,1,1,0.4,2
"796","Stepwise","30",19,1,1,0.2,2
"797","Stepwise","30",23,1,1,0.5,2
"798","Stepwise","30",22,1,1,0.5,2
"799","Stepwise","30",25,1,1,0.7,2
"800","Stepwise","30",18,1,0.9,0.2,2
"801","Stepwise","40",20,1,1,0,2
"802","Stepwise","40",31,1,1,1,2
"803","Stepwise","40",22,1,1,0.3,2
"804","Stepwise","40",19,1,1,0.2,2
"805","Stepwise","40",23,1,1,0.3,2
"806","Stepwise","40",19,1,1,0.2,2
"807","Stepwise","40",24,1,0.8,0.3,2
"808","Stepwise","40",21,1,1,0.3,2
"809","Stepwise","40",18,1,1,0,2
"810","Stepwise","40",23,1,0.9,0.5,2
"811","Stepwise","40",19,1,1,0,2
"812","Stepwise","40",19,1,1,0,2
"813","Stepwise","40",21,1,1,0.2,2
"814","Stepwise","40",31,1,0.9,0.9,2
"815","Stepwise","40",28,1,1,0.7,2
"816","Stepwise","40",26,1,1,0.5,2
"817","Stepwise","40",21,1,1,0.3,2
"818","Stepwise","40",23,1,1,0.4,2
"819","Stepwise","40",22,1,0.9,0.2,2
"820","Stepwise","40",24,1,1,0.3,2
"821","Stepwise","40",29,1,1,0.8,2
"822","Stepwise","40",24,1,1,0.4,2
"823","Stepwise","40",21,1,1,0.3,2
"824","Stepwise","40",21,1,1,0.1,2
"825","Stepwise","40",22,1,1,0.3,2
"826","Stepwise","40",22,1,0.9,0.3,2
"827","Stepwise","40",21,1,1,0.1,2
"828","Stepwise","40",19,1,1,0.2,2
"829","Stepwise","40",23,1,1,0.4,2
"830","Stepwise","40",31,1,1,1,2
"831","Stepwise","40",21,1,0.9,0.4,2
"832","Stepwise","40",31,1,0.9,1,2
"833","Stepwise","40",31,1,1,1,2
"834","Stepwise","40",20,1,1,0.2,2
"835","Stepwise","40",23,1,1,0.4,2
"836","Stepwise","40",23,1,1,0.2,2
"837","Stepwise","40",23,1,1,0.3,2
"838","Stepwise","40",27,1,1,0.5,2
"839","Stepwise","40",18,1,1,0,2
"840","Stepwise","40",20,1,1,0.2,2
"841","Stepwise","40",20,1,1,0.1,2
"842","Stepwise","40",22,1,1,0.2,2
"843","Stepwise","40",21,1,0.9,0.4,2
"844","Stepwise","40",21,1,1,0.3,2
"845","Stepwise","40",25,1,1,0.4,2
"846","Stepwise","40",18,1,0.9,0.3,2
"847","Stepwise","40",31,1,1,1,2
"848","Stepwise","40",31,1,0.9,0.7,2
"849","Stepwise","40",25,1,1,0.4,2
"850","Stepwise","40",17,1,1,0.1,2
"851","Stepwise","40",24,1,1,0.3,2
"852","Stepwise","40",28,1,1,1,2
"853","Stepwise","40",25,1,0.9,0.7,2
"854","Stepwise","40",23,1,1,0.5,2
"855","Stepwise","40",24,1,1,0.3,2
"856","Stepwise","40",24,1,0.9,0.5,2
"857","Stepwise","40",27,1,0.9,0.7,2
"858","Stepwise","40",25,1,0.9,0.5,2
"859","Stepwise","40",21,1,0.8,0.2,2
"860","Stepwise","40",22,1,1,0.1,2
"861","Stepwise","40",22,1,1,0.2,2
"862","Stepwise","40",21,1,1,0.2,2
"863","Stepwise","40",18,1,0.9,0.1,2
"864","Stepwise","40",26,1,1,0.3,2
"865","Stepwise","40",25,1,1,0.4,2
"866","Stepwise","40",21,1,1,0.4,2
"867","Stepwise","40",24,1,0.8,0.9,2
"868","Stepwise","40",21,1,1,0.3,2
"869","Stepwise","40",19,1,1,0.1,2
"870","Stepwise","40",23,1,1,0.5,2
"871","Stepwise","40",24,1,1,0.3,2
"872","Stepwise","40",18,1,1,0.1,2
"873","Stepwise","40",28,1,1,0.6,2
"874","Stepwise","40",21,1,1,0.1,2
"875","Stepwise","40",24,1,0.9,0.4,2
"876","Stepwise","40",27,1,1,0.5,2
"877","Stepwise","40",23,1,1,0.3,2
"878","Stepwise","40",24,1,0.9,0.5,2
"879","Stepwise","40",22,1,1,0.3,2
"880","Stepwise","40",25,1,1,0.4,2
"881","Stepwise","40",22,1,0.9,0.1,2
"882","Stepwise","40",25,1,0.9,0.4,2
"883","Stepwise","40",23,1,0.8,0.3,2
"884","Stepwise","40",26,1,1,0.8,2
"885","Stepwise","40",28,1,0.8,0.7,2
"886","Stepwise","40",27,1,1,0.6,2
"887","Stepwise","40",23,1,1,0.3,2
"888","Stepwise","40",25,1,1,0.2,2
"889","Stepwise","40",22,1,1,0.2,2
"890","Stepwise","40",25,1,1,0.4,2
"891","Stepwise","40",20,1,0.9,0.1,2
"892","Stepwise","40",25,1,0.8,0.5,2
"893","Stepwise","40",22,1,0.9,0.2,2
"894","Stepwise","40",25,1,1,0.3,2
"895","Stepwise","40",21,1,1,0.2,2
"896","Stepwise","40",20,1,1,0.2,2
"897","Stepwise","40",26,1,1,0.5,2
"898","Stepwise","40",22,1,0.9,0.1,2
"899","Stepwise","40",24,1,1,0.5,2
"900","Stepwise","40",26,1,1,0.4,2
"901","Stepwise","50",29,1,0.9,0.6,2
"902","Stepwise","50",34,1,1,0.8,2
"903","Stepwise","50",32,1,1,1,2
"904","Stepwise","50",25,1,1,0.1,2
"905","Stepwise","50",32,1,1,1,2
"906","Stepwise","50",34,1,1,0.9,2
"907","Stepwise","50",24,1,0.9,0.4,2
"908","Stepwise","50",25,1,1,0.2,2
"909","Stepwise","50",26,1,1,0.5,2
"910","Stepwise","50",23,1,1,0.3,2
"911","Stepwise","50",27,1,1,0.1,2
"912","Stepwise","50",20,1,1,0,2
"913","Stepwise","50",27,1,0.7,0.6,2
"914","Stepwise","50",25,1,0.9,0.4,2
"915","Stepwise","50",33,1,0.8,1,2
"916","Stepwise","50",22,1,1,0.1,2
"917","Stepwise","50",28,1,1,0.7,2
"918","Stepwise","50",25,1,0.9,0.2,2
"919","Stepwise","50",23,1,1,0.4,2
"920","Stepwise","50",31,1,1,0.5,2
"921","Stepwise","50",34,1,1,1,2
"922","Stepwise","50",22,1,1,0.1,2
"923","Stepwise","50",23,1,1,0.3,2
"924","Stepwise","50",24,1,0.9,0.5,2
"925","Stepwise","50",25,1,0.9,0.3,2
"926","Stepwise","50",33,1,1,0.5,2
"927","Stepwise","50",29,1,1,0.8,2
"928","Stepwise","50",22,1,1,0.2,2
"929","Stepwise","50",31,1,0.9,1,2
"930","Stepwise","50",29,1,1,0.2,2
"931","Stepwise","50",31,1,0.9,0.4,2
"932","Stepwise","50",23,1,0.9,0.2,2
"933","Stepwise","50",26,1,0.9,0.2,2
"934","Stepwise","50",22,1,1,0,2
"935","Stepwise","50",25,1,1,0.4,2
"936","Stepwise","50",21,1,1,0.1,2
"937","Stepwise","50",23,1,1,0.3,2
"938","Stepwise","50",23,1,1,0.3,2
"939","Stepwise","50",25,1,1,0.2,2
"940","Stepwise","50",27,1,1,0.4,2
"941","Stepwise","50",22,1,0.9,0.3,2
"942","Stepwise","50",22,1,1,0.4,2
"943","Stepwise","50",21,1,0.8,0.2,2
"944","Stepwise","50",21,1,0.9,0.3,2
"945","Stepwise","50",28,1,1,0.3,2
"946","Stepwise","50",34,1,1,0.8,2
"947","Stepwise","50",29,1,1,0.5,2
"948","Stepwise","50",37,1,1,0.8,2
"949","Stepwise","50",32,1,1,0.8,2
"950","Stepwise","50",36,1,1,0.6,2
"951","Stepwise","50",19,1,0.7,0.1,2
"952","Stepwise","50",29,1,0.9,0.6,2
"953","Stepwise","50",27,1,1,0.3,2
"954","Stepwise","50",25,1,1,0.1,2
"955","Stepwise","50",29,1,1,0.3,2
"956","Stepwise","50",26,1,0.9,0.5,2
"957","Stepwise","50",26,1,1,0.3,2
"958","Stepwise","50",30,1,0.9,0.4,2
"959","Stepwise","50",24,1,1,0.7,2
"960","Stepwise","50",24,1,1,0.3,2
"961","Stepwise","50",29,1,1,0.5,2
"962","Stepwise","50",22,1,1,0.2,2
"963","Stepwise","50",34,1,1,0.9,2
"964","Stepwise","50",26,1,0.9,0.5,2
"965","Stepwise","50",22,1,0.8,0.3,2
"966","Stepwise","50",28,1,1,0.6,2
"967","Stepwise","50",27,1,0.9,0.3,2
"968","Stepwise","50",29,1,1,0.3,2
"969","Stepwise","50",37,1,1,1,2
"970","Stepwise","50",30,1,0.9,0.3,2
"971","Stepwise","50",20,1,0.8,0.4,2
"972","Stepwise","50",36,1,1,0.9,2
"973","Stepwise","50",31,1,1,0.4,2
"974","Stepwise","50",32,1,1,0.5,2
"975","Stepwise","50",21,1,0.9,0.3,2
"976","Stepwise","50",30,1,1,0.3,2
"977","Stepwise","50",21,1,1,0.2,2
"978","Stepwise","50",20,1,0.9,0.1,2
"979","Stepwise","50",25,1,0.9,0.2,2
"980","Stepwise","50",19,1,1,0.2,2
"981","Stepwise","50",36,1,1,0.6,2
"982","Stepwise","50",22,1,1,0.2,2
"983","Stepwise","50",26,1,0.9,0.5,2
"984","Stepwise","50",22,1,0.9,0.2,2
"985","Stepwise","50",30,1,0.8,0.5,2
"986","Stepwise","50",31,1,1,0.5,2
"987","Stepwise","50",20,1,1,0,2
"988","Stepwise","50",26,1,0.9,0.3,2
"989","Stepwise","50",20,1,0.8,0.1,2
"990","Stepwise","50",19,1,0.9,0.1,2
"991","Stepwise","50",21,1,0.9,0.3,2
"992","Stepwise","50",26,1,1,0.4,2
"993","Stepwise","50",24,1,1,0.3,2
"994","Stepwise","50",25,1,1,0.2,2
"995","Stepwise","50",33,1,1,0.7,2
"996","Stepwise","50",25,1,1,0.2,2
"997","Stepwise","50",24,1,1,0.3,2
"998","Stepwise","50",24,1,1,0.3,2
"999","Stepwise","50",27,1,0.9,0.3,2
"1000","Stepwise","50",25,1,0.8,0.5,2
"1001","Stepwise","60",34,1,1,0.3,2
"1002","Stepwise","60",20,1,1,0.1,2
"1003","Stepwise","60",31,1,1,0.4,2
"1004","Stepwise","60",34,1,1,0.3,2
"1005","Stepwise","60",38,1,1,0.7,2
"1006","Stepwise","60",27,1,1,0.5,2
"1007","Stepwise","60",26,1,0.9,0.2,2
"1008","Stepwise","60",31,1,1,0.6,2
"1009","Stepwise","60",27,1,0.9,0.2,2
"1010","Stepwise","60",29,1,1,0.3,2
"1011","Stepwise","60",26,1,1,0.2,2
"1012","Stepwise","60",21,1,1,0.4,2
"1013","Stepwise","60",41,1,1,1,2
"1014","Stepwise","60",40,1,1,0.7,2
"1015","Stepwise","60",27,1,1,0.3,2
"1016","Stepwise","60",41,1,1,1,2
"1017","Stepwise","60",27,1,0.9,0.2,2
"1018","Stepwise","60",35,1,0.9,0.5,2
"1019","Stepwise","60",26,1,1,0.1,2
"1020","Stepwise","60",35,1,0.7,0.4,2
"1021","Stepwise","60",22,1,0.8,0.1,2
"1022","Stepwise","60",27,1,0.9,0.2,2
"1023","Stepwise","60",29,1,1,0.8,2
"1024","Stepwise","60",21,1,1,0,2
"1025","Stepwise","60",23,1,1,0,2
"1026","Stepwise","60",39,1,0.9,0.5,2
"1027","Stepwise","60",30,1,0.9,0.4,2
"1028","Stepwise","60",29,1,1,0.2,2
"1029","Stepwise","60",36,1,1,0.7,2
"1030","Stepwise","60",34,1,0.9,0.4,2
"1031","Stepwise","60",30,1,1,0.5,2
"1032","Stepwise","60",25,1,1,0.3,2
"1033","Stepwise","60",33,1,1,0.3,2
"1034","Stepwise","60",36,1,0.9,0.3,2
"1035","Stepwise","60",36,1,0.9,0.5,2
"1036","Stepwise","60",25,1,1,0.4,2
"1037","Stepwise","60",29,1,1,0.2,2
"1038","Stepwise","60",35,1,1,0.7,2
"1039","Stepwise","60",30,1,0.9,0.2,2
"1040","Stepwise","60",24,1,1,0,2
"1041","Stepwise","60",23,1,0.9,0.3,2
"1042","Stepwise","60",26,1,1,0.2,2
"1043","Stepwise","60",28,1,1,0.3,2
"1044","Stepwise","60",35,1,0.9,0.6,2
"1045","Stepwise","60",21,1,0.9,0.2,2
"1046","Stepwise","60",32,1,1,1,2
"1047","Stepwise","60",34,1,1,0.7,2
"1048","Stepwise","60",40,1,1,0.5,2
"1049","Stepwise","60",29,1,1,0.3,2
"1050","Stepwise","60",37,1,1,0.6,2
"1051","Stepwise","60",24,1,1,0.2,2
"1052","Stepwise","60",42,1,1,1,2
"1053","Stepwise","60",22,1,1,0.1,2
"1054","Stepwise","60",28,1,1,0.5,2
"1055","Stepwise","60",24,1,1,0.1,2
"1056","Stepwise","60",29,1,1,0.5,2
"1057","Stepwise","60",33,1,0.8,1,2
"1058","Stepwise","60",27,1,1,0.4,2
"1059","Stepwise","60",26,1,0.9,0.3,2
"1060","Stepwise","60",21,1,0.9,0.2,2
"1061","Stepwise","60",26,1,1,0.4,2
"1062","Stepwise","60",27,1,1,0,2
"1063","Stepwise","60",40,1,1,1,2
"1064","Stepwise","60",25,1,1,0.2,2
"1065","Stepwise","60",30,1,1,0.2,2
"1066","Stepwise","60",43,1,1,1,2
"1067","Stepwise","60",31,1,1,0.2,2
"1068","Stepwise","60",32,1,1,0.5,2
"1069","Stepwise","60",36,1,1,0.4,2
"1070","Stepwise","60",31,1,1,0.3,2
"1071","Stepwise","60",32,1,0.9,0.4,2
"1072","Stepwise","60",28,1,1,0.3,2
"1073","Stepwise","60",38,1,1,0.7,2
"1074","Stepwise","60",40,1,1,0.3,2
"1075","Stepwise","60",38,1,1,1,2
"1076","Stepwise","60",29,1,0.9,0.3,2
"1077","Stepwise","60",25,1,1,0.1,2
"1078","Stepwise","60",36,1,0.7,0.7,2
"1079","Stepwise","60",31,1,1,0.5,2
"1080","Stepwise","60",27,1,0.9,0.1,2
"1081","Stepwise","60",23,1,0.9,0.2,2
"1082","Stepwise","60",29,1,1,0.1,2
"1083","Stepwise","60",31,1,1,0.2,2
"1084","Stepwise","60",25,1,1,0.3,2
"1085","Stepwise","60",31,1,0.9,0.6,2
"1086","Stepwise","60",32,1,1,0.4,2
"1087","Stepwise","60",34,1,0.9,0.3,2
"1088","Stepwise","60",36,1,1,0.9,2
"1089","Stepwise","60",28,1,1,0.3,2
"1090","Stepwise","60",26,1,1,0.5,2
"1091","Stepwise","60",47,1,1,0.9,2
"1092","Stepwise","60",33,1,0.9,0.6,2
"1093","Stepwise","60",27,1,1,0.4,2
"1094","Stepwise","60",28,1,1,0.2,2
"1095","Stepwise","60",33,1,0.9,0.5,2
"1096","Stepwise","60",35,1,1,0.4,2
"1097","Stepwise","60",30,1,0.9,0.2,2
"1098","Stepwise","60",21,1,0.9,0.1,2
"1099","Stepwise","60",33,1,1,0.3,2
"1100","Stepwise","60",34,1,0.9,0.7,2
"1101","Stepwise","70",29,1,0.9,0.4,2
"1102","Stepwise","70",37,1,1,0.5,2
"1103","Stepwise","70",31,1,1,0.2,2
"1104","Stepwise","70",43,1,1,0.5,2
"1105","Stepwise","70",43,1,1,0.3,2
"1106","Stepwise","70",35,1,0.9,0.6,2
"1107","Stepwise","70",43,1,0.9,1,2
"1108","Stepwise","70",33,1,1,0.6,2
"1109","Stepwise","70",34,1,1,0.4,2
"1110","Stepwise","70",38,1,1,0.5,2
"1111","Stepwise","70",42,1,1,0.7,2
"1112","Stepwise","70",45,1,1,0.4,2
"1113","Stepwise","70",34,1,1,0.3,2
"1114","Stepwise","70",36,1,0.7,0.4,2
"1115","Stepwise","70",30,1,1,0.2,2
"1116","Stepwise","70",23,1,1,0.1,2
"1117","Stepwise","70",38,1,1,0.4,2
"1118","Stepwise","70",41,1,1,0.4,2
"1119","Stepwise","70",38,1,1,0.3,2
"1120","Stepwise","70",20,1,1,0.2,2
"1121","Stepwise","70",33,1,1,0.3,2
"1122","Stepwise","70",38,1,1,0.4,2
"1123","Stepwise","70",35,1,1,0.5,2
"1124","Stepwise","70",29,1,1,0.2,2
"1125","Stepwise","70",31,1,0.8,0.4,2
"1126","Stepwise","70",30,1,0.9,0.3,2
"1127","Stepwise","70",24,1,1,0.2,2
"1128","Stepwise","70",35,1,1,0.4,2
"1129","Stepwise","70",33,1,1,0.2,2
"1130","Stepwise","70",33,1,0.9,0.3,2
"1131","Stepwise","70",29,1,0.8,0.2,2
"1132","Stepwise","70",42,1,1,1,2
"1133","Stepwise","70",43,1,0.9,0.7,2
"1134","Stepwise","70",36,1,1,0.4,2
"1135","Stepwise","70",45,1,0.7,0.3,2
"1136","Stepwise","70",26,1,1,0.2,2
"1137","Stepwise","70",40,1,1,0.7,2
"1138","Stepwise","70",40,1,1,0.6,2
"1139","Stepwise","70",38,1,1,0.4,2
"1140","Stepwise","70",33,1,1,0.2,2
"1141","Stepwise","70",40,1,1,0.5,2
"1142","Stepwise","70",32,1,1,0.6,2
"1143","Stepwise","70",33,1,1,0.3,2
"1144","Stepwise","70",36,1,1,0.2,2
"1145","Stepwise","70",48,1,1,1,2
"1146","Stepwise","70",29,1,1,0.4,2
"1147","Stepwise","70",27,1,1,0.4,2
"1148","Stepwise","70",27,1,0.9,0.4,2
"1149","Stepwise","70",43,1,1,0.8,2
"1150","Stepwise","70",37,1,1,0.6,2
"1151","Stepwise","70",46,1,1,0.8,2
"1152","Stepwise","70",33,1,0.8,0.1,2
"1153","Stepwise","70",35,1,1,0.2,2
"1154","Stepwise","70",36,1,0.9,0.7,2
"1155","Stepwise","70",50,1,1,1,2
"1156","Stepwise","70",38,1,0.8,0.6,2
"1157","Stepwise","70",40,1,0.9,0.7,2
"1158","Stepwise","70",24,1,1,0,2
"1159","Stepwise","70",35,1,1,0.3,2
"1160","Stepwise","70",30,1,0.9,0.5,2
"1161","Stepwise","70",37,1,1,0.2,2
"1162","Stepwise","70",32,1,1,0.3,2
"1163","Stepwise","70",39,1,0.8,0.5,2
"1164","Stepwise","70",48,1,1,0.8,2
"1165","Stepwise","70",34,1,1,0.3,2
"1166","Stepwise","70",35,1,0.8,0.6,2
"1167","Stepwise","70",35,1,0.9,0.7,2
"1168","Stepwise","70",45,1,1,0.9,2
"1169","Stepwise","70",34,1,0.9,0.5,2
"1170","Stepwise","70",27,1,1,0.4,2
"1171","Stepwise","70",36,1,1,0.8,2
"1172","Stepwise","70",28,1,1,0.3,2
"1173","Stepwise","70",24,1,0.8,0.1,2
"1174","Stepwise","70",30,1,1,0.2,2
"1175","Stepwise","70",50,1,1,0.9,2
"1176","Stepwise","70",43,1,1,0.7,2
"1177","Stepwise","70",29,1,0.9,0.3,2
"1178","Stepwise","70",33,1,0.9,0.5,2
"1179","Stepwise","70",43,1,1,0.6,2
"1180","Stepwise","70",37,1,1,1,2
"1181","Stepwise","70",27,1,0.8,0.4,2
"1182","Stepwise","70",37,1,1,0.6,2
"1183","Stepwise","70",32,1,0.9,0.5,2
"1184","Stepwise","70",30,1,1,0.3,2
"1185","Stepwise","70",45,1,1,1,2
"1186","Stepwise","70",30,1,1,0.2,2
"1187","Stepwise","70",29,1,1,0.2,2
"1188","Stepwise","70",24,1,0.9,0.2,2
"1189","Stepwise","70",39,1,1,0.6,2
"1190","Stepwise","70",29,1,0.9,0.2,2
"1191","Stepwise","70",27,1,1,0.4,2
"1192","Stepwise","70",25,1,0.9,0.3,2
"1193","Stepwise","70",31,1,0.9,0.4,2
"1194","Stepwise","70",34,1,1,0.7,2
"1195","Stepwise","70",53,1,1,0.7,2
"1196","Stepwise","70",37,1,0.9,0.7,2
"1197","Stepwise","70",41,1,1,0.3,2
"1198","Stepwise","70",34,1,0.7,0.3,2
"1199","Stepwise","70",36,1,0.9,0.6,2
"1200","Stepwise","70",33,1,1,0.3,2
"1201","Stepwise","80",30,1,0.8,0.7,2
"1202","Stepwise","80",37,1,0.8,0.6,2
"1203","Stepwise","80",29,1,0.9,0.2,2
"1204","Stepwise","80",48,1,1,0.8,2
"1205","Stepwise","80",27,1,1,0.1,2
"1206","Stepwise","80",41,1,0.9,0.4,2
"1207","Stepwise","80",38,1,1,0.2,2
"1208","Stepwise","80",42,1,0.9,0.3,2
"1209","Stepwise","80",31,1,1,0.4,2
"1210","Stepwise","80",48,1,0.8,0.6,2
"1211","Stepwise","80",44,1,1,0.1,2
"1212","Stepwise","80",53,1,1,1,2
"1213","Stepwise","80",49,1,1,0.8,2
"1214","Stepwise","80",51,1,1,0.9,2
"1215","Stepwise","80",55,1,1,0.7,2
"1216","Stepwise","80",52,1,1,1,2
"1217","Stepwise","80",46,1,1,0.5,2
"1218","Stepwise","80",52,1,1,1,2
"1219","Stepwise","80",47,1,1,1,2
"1220","Stepwise","80",62,1,1,0.8,2
"1221","Stepwise","80",48,1,1,0.7,2
"1222","Stepwise","80",29,1,1,0.3,2
"1223","Stepwise","80",37,1,1,0.5,2
"1224","Stepwise","80",50,1,1,1,2
"1225","Stepwise","80",61,1,0.9,1,2
"1226","Stepwise","80",34,1,1,0.3,2
"1227","Stepwise","80",52,1,1,0.8,2
"1228","Stepwise","80",37,1,1,0.3,2
"1229","Stepwise","80",33,1,0.8,0.4,2
"1230","Stepwise","80",55,1,1,1,2
"1231","Stepwise","80",41,1,0.9,0.6,2
"1232","Stepwise","80",33,1,1,0.2,2
"1233","Stepwise","80",44,1,1,1,2
"1234","Stepwise","80",69,1,1,0.9,2
"1235","Stepwise","80",36,1,0.9,0.2,2
"1236","Stepwise","80",49,1,1,1,2
"1237","Stepwise","80",61,1,1,0.8,2
"1238","Stepwise","80",49,1,0.9,0.6,2
"1239","Stepwise","80",41,1,0.8,0.7,2
"1240","Stepwise","80",43,1,1,0.9,2
"1241","Stepwise","80",53,1,0.9,0.8,2
"1242","Stepwise","80",38,1,1,0.2,2
"1243","Stepwise","80",40,1,0.9,0.3,2
"1244","Stepwise","80",48,1,1,1,2
"1245","Stepwise","80",37,1,1,0.3,2
"1246","Stepwise","80",36,1,0.9,0.1,2
"1247","Stepwise","80",58,1,0.9,0.9,2
"1248","Stepwise","80",35,1,1,0.3,2
"1249","Stepwise","80",40,1,1,0.8,2
"1250","Stepwise","80",24,1,1,0.1,2
"1251","Stepwise","80",61,1,1,1,2
"1252","Stepwise","80",29,1,1,0.4,2
"1253","Stepwise","80",53,1,0.8,0.8,2
"1254","Stepwise","80",53,1,1,1,2
"1255","Stepwise","80",40,1,1,0.4,2
"1256","Stepwise","80",32,1,1,0.1,2
"1257","Stepwise","80",43,1,1,0.4,2
"1258","Stepwise","80",60,1,1,1,2
"1259","Stepwise","80",46,1,1,0.5,2
"1260","Stepwise","80",40,1,1,0.4,2
"1261","Stepwise","80",33,1,0.9,0.2,2
"1262","Stepwise","80",35,1,1,0.4,2
"1263","Stepwise","80",30,1,1,0.2,2
"1264","Stepwise","80",40,1,1,0.4,2
"1265","Stepwise","80",36,1,1,0,2
"1266","Stepwise","80",45,1,1,0.7,2
"1267","Stepwise","80",52,1,1,0.6,2
"1268","Stepwise","80",48,1,1,0.7,2
"1269","Stepwise","80",45,1,1,0.4,2
"1270","Stepwise","80",40,1,0.9,0.5,2
"1271","Stepwise","80",27,1,1,0.4,2
"1272","Stepwise","80",67,1,1,0.9,2
"1273","Stepwise","80",45,1,1,0.5,2
"1274","Stepwise","80",25,1,1,0.3,2
"1275","Stepwise","80",41,1,1,0.4,2
"1276","Stepwise","80",67,1,0.9,0.7,2
"1277","Stepwise","80",24,1,1,0.2,2
"1278","Stepwise","80",28,1,1,0.3,2
"1279","Stepwise","80",52,1,1,0.5,2
"1280","Stepwise","80",45,1,1,0.5,2
"1281","Stepwise","80",40,1,0.9,0.4,2
"1282","Stepwise","80",44,1,1,0.7,2
"1283","Stepwise","80",49,1,1,0.6,2
"1284","Stepwise","80",48,1,1,0.8,2
"1285","Stepwise","80",58,1,1,0.7,2
"1286","Stepwise","80",24,1,0.8,0.1,2
"1287","Stepwise","80",45,1,0.9,0.6,2
"1288","Stepwise","80",63,1,1,1,2
"1289","Stepwise","80",37,1,1,0.6,2
"1290","Stepwise","80",31,1,0.9,0.2,2
"1291","Stepwise","80",37,1,0.9,0.5,2
"1292","Stepwise","80",46,1,1,0.3,2
"1293","Stepwise","80",27,1,1,0.1,2
"1294","Stepwise","80",39,1,1,0.3,2
"1295","Stepwise","80",43,1,1,1,2
"1296","Stepwise","80",37,1,0.9,0.2,2
"1297","Stepwise","80",44,1,1,0.7,2
"1298","Stepwise","80",42,1,0.9,0.6,2
"1299","Stepwise","80",48,1,0.9,0.4,2
"1300","Stepwise","80",51,1,1,0.7,2
"1301","Stepwise","90",74,1,1,0.9,2
"1302","Stepwise","90",43,1,1,0.4,2
"1303","Stepwise","90",81,1,1,1,2
"1304","Stepwise","90",50,1,0.9,0.9,2
"1305","Stepwise","90",79,1,1,0.8,2
"1306","Stepwise","90",59,1,1,1,2
"1307","Stepwise","90",35,1,0.8,0.5,2
"1308","Stepwise","90",40,1,1,0.4,2
"1309","Stepwise","90",37,1,1,0.1,2
"1310","Stepwise","90",40,1,1,0.5,2
"1311","Stepwise","90",65,1,1,0.6,2
"1312","Stepwise","90",40,1,1,0.2,2
"1313","Stepwise","90",77,1,1,0.9,2
"1314","Stepwise","90",87,1,1,1,2
"1315","Stepwise","90",79,1,1,0.7,2
"1316","Stepwise","90",44,1,1,0.7,2
"1317","Stepwise","90",68,1,1,0.9,2
"1318","Stepwise","90",74,1,1,0.8,2
"1319","Stepwise","90",85,1,1,1,2
"1320","Stepwise","90",66,1,1,0.8,2
"1321","Stepwise","90",52,1,1,0.5,2
"1322","Stepwise","90",56,1,1,0.6,2
"1323","Stepwise","90",35,1,0.9,0.3,2
"1324","Stepwise","90",37,1,1,0.8,2
"1325","Stepwise","90",69,1,1,1,2
"1326","Stepwise","90",66,1,0.9,0.9,2
"1327","Stepwise","90",79,1,1,1,2
"1328","Stepwise","90",63,1,1,0.8,2
"1329","Stepwise","90",51,1,1,0.5,2
"1330","Stepwise","90",64,1,1,0.7,2
"1331","Stepwise","90",53,1,0.9,0.5,2
"1332","Stepwise","90",37,1,1,0.4,2
"1333","Stepwise","90",39,1,1,0.2,2
"1334","Stepwise","90",45,1,1,0.2,2
"1335","Stepwise","90",74,1,0.8,1,2
"1336","Stepwise","90",60,1,1,0.5,2
"1337","Stepwise","90",72,1,1,1,2
"1338","Stepwise","90",77,1,1,0.7,2
"1339","Stepwise","90",72,1,1,1,2
"1340","Stepwise","90",50,1,0.9,0.6,2
"1341","Stepwise","90",39,1,1,0.2,2
"1342","Stepwise","90",53,1,1,0.5,2
"1343","Stepwise","90",76,1,1,0.7,2
"1344","Stepwise","90",56,1,1,0.5,2
"1345","Stepwise","90",61,1,1,0.9,2
"1346","Stepwise","90",67,1,1,0.7,2
"1347","Stepwise","90",81,1,1,1,2
"1348","Stepwise","90",41,1,1,0.5,2
"1349","Stepwise","90",53,1,1,0.6,2
"1350","Stepwise","90",47,1,1,0.5,2
"1351","Stepwise","90",69,1,1,0.7,2
"1352","Stepwise","90",76,1,1,0.9,2
"1353","Stepwise","90",53,1,1,0.3,2
"1354","Stepwise","90",60,1,1,0.5,2
"1355","Stepwise","90",45,1,0.9,0.5,2
"1356","Stepwise","90",74,1,1,1,2
"1357","Stepwise","90",39,1,1,0.2,2
"1358","Stepwise","90",41,1,1,0.7,2
"1359","Stepwise","90",55,1,1,0.5,2
"1360","Stepwise","90",43,1,0.9,0.6,2
"1361","Stepwise","90",47,1,1,0.6,2
"1362","Stepwise","90",31,1,0.9,0.4,2
"1363","Stepwise","90",45,1,1,0.3,2
"1364","Stepwise","90",87,1,1,1,2
"1365","Stepwise","90",65,1,1,0.8,2
"1366","Stepwise","90",80,1,1,1,2
"1367","Stepwise","90",49,1,1,0.4,2
"1368","Stepwise","90",68,1,1,0.7,2
"1369","Stepwise","90",63,1,1,1,2
"1370","Stepwise","90",51,1,1,0.4,2
"1371","Stepwise","90",62,1,1,0.6,2
"1372","Stepwise","90",57,1,0.9,0.4,2
"1373","Stepwise","90",56,1,1,1,2
"1374","Stepwise","90",40,1,1,0.3,2
"1375","Stepwise","90",51,1,0.9,0.5,2
"1376","Stepwise","90",71,1,1,0.6,2
"1377","Stepwise","90",59,1,0.9,0.7,2
"1378","Stepwise","90",73,1,1,0.8,2
"1379","Stepwise","90",65,1,1,1,2
"1380","Stepwise","90",30,1,1,0.4,2
"1381","Stepwise","90",39,1,0.9,0.4,2
"1382","Stepwise","90",35,1,1,0.3,2
"1383","Stepwise","90",45,1,1,0.7,2
"1384","Stepwise","90",60,1,1,0.7,2
"1385","Stepwise","90",21,1,1,0.1,2
"1386","Stepwise","90",48,1,1,0.6,2
"1387","Stepwise","90",65,1,1,0.8,2
"1388","Stepwise","90",79,1,1,0.9,2
"1389","Stepwise","90",60,1,1,0.6,2
"1390","Stepwise","90",68,1,1,0.8,2
"1391","Stepwise","90",42,1,1,0.5,2
"1392","Stepwise","90",44,1,1,0.6,2
"1393","Stepwise","90",78,1,0.9,0.7,2
"1394","Stepwise","90",42,1,0.9,0.3,2
"1395","Stepwise","90",40,1,1,0.2,2
"1396","Stepwise","90",51,1,1,0.6,2
"1397","Stepwise","90",51,1,1,0.4,2
"1398","Stepwise","90",53,1,1,0.8,2
"1399","Stepwise","90",75,1,1,0.7,2
"1400","Stepwise","90",58,1,1,0.5,2
"1401","Stepwise","30",17,1,1,0.1,3
"1402","Stepwise","30",21,1,1,0.4,3
"1403","Stepwise","30",22,1,1,0.4,3
"1404","Stepwise","30",23,1,1,0.6,3
"1405","Stepwise","30",19,1,1,0.2,3
"1406","Stepwise","30",19,1,1,0.1,3
"1407","Stepwise","30",22,1,1,0.5,3
"1408","Stepwise","30",26,1,1,1,3
"1409","Stepwise","30",27,1,1,1,3
"1410","Stepwise","30",24,1,1,0.7,3
"1411","Stepwise","30",28,1,1,1,3
"1412","Stepwise","30",19,1,1,0.3,3
"1413","Stepwise","30",23,1,1,0.3,3
"1414","Stepwise","30",17,1,1,0.1,3
"1415","Stepwise","30",29,1,1,1,3
"1416","Stepwise","30",23,1,1,0.5,3
"1417","Stepwise","30",22,1,1,0.5,3
"1418","Stepwise","30",23,1,1,0.5,3
"1419","Stepwise","30",29,1,1,1,3
"1420","Stepwise","30",20,1,1,0.2,3
"1421","Stepwise","30",20,1,1,0.2,3
"1422","Stepwise","30",21,1,1,0.3,3
"1423","Stepwise","30",20,1,1,0.4,3
"1424","Stepwise","30",21,1,1,0.5,3
"1425","Stepwise","30",26,1,1,1,3
"1426","Stepwise","30",23,1,1,0.6,3
"1427","Stepwise","30",30,1,1,1,3
"1428","Stepwise","30",19,1,1,0.3,3
"1429","Stepwise","30",28,1,1,1,3
"1430","Stepwise","30",26,1,1,1,3
"1431","Stepwise","30",24,1,1,0.5,3
"1432","Stepwise","30",18,1,1,0.1,3
"1433","Stepwise","30",19,1,1,0.1,3
"1434","Stepwise","30",19,1,1,0.1,3
"1435","Stepwise","30",28,1,1,1,3
"1436","Stepwise","30",22,1,1,0.4,3
"1437","Stepwise","30",19,1,1,0.2,3
"1438","Stepwise","30",20,1,1,0.4,3
"1439","Stepwise","30",28,1,1,1,3
"1440","Stepwise","30",21,1,1,0.5,3
"1441","Stepwise","30",18,1,1,0.1,3
"1442","Stepwise","30",19,1,1,0.3,3
"1443","Stepwise","30",27,1,1,1,3
"1444","Stepwise","30",26,1,1,0.8,3
"1445","Stepwise","30",21,1,1,0.3,3
"1446","Stepwise","30",29,1,1,1,3
"1447","Stepwise","30",28,1,1,1,3
"1448","Stepwise","30",27,1,1,1,3
"1449","Stepwise","30",19,1,1,0.2,3
"1450","Stepwise","30",24,1,1,0.7,3
"1451","Stepwise","30",27,1,1,1,3
"1452","Stepwise","30",29,1,1,1,3
"1453","Stepwise","30",20,1,1,0.3,3
"1454","Stepwise","30",23,1,1,0.6,3
"1455","Stepwise","30",21,1,1,0.3,3
"1456","Stepwise","30",20,1,1,0.3,3
"1457","Stepwise","30",19,1,1,0.3,3
"1458","Stepwise","30",24,1,1,0.6,3
"1459","Stepwise","30",27,1,1,1,3
"1460","Stepwise","30",22,1,1,0.4,3
"1461","Stepwise","30",22,1,1,0.4,3
"1462","Stepwise","30",27,1,1,1,3
"1463","Stepwise","30",21,1,1,0.4,3
"1464","Stepwise","30",25,1,1,0.8,3
"1465","Stepwise","30",24,1,1,0.6,3
"1466","Stepwise","30",29,1,1,1,3
"1467","Stepwise","30",27,1,1,1,3
"1468","Stepwise","30",23,1,1,0.6,3
"1469","Stepwise","30",18,1,1,0.2,3
"1470","Stepwise","30",25,1,1,0.8,3
"1471","Stepwise","30",28,1,1,1,3
"1472","Stepwise","30",22,1,1,0.5,3
"1473","Stepwise","30",20,1,1,0.3,3
"1474","Stepwise","30",22,1,1,0.5,3
"1475","Stepwise","30",24,1,1,0.5,3
"1476","Stepwise","30",19,1,1,0.2,3
"1477","Stepwise","30",27,1,1,1,3
"1478","Stepwise","30",19,1,1,0.2,3
"1479","Stepwise","30",21,1,1,0.4,3
"1480","Stepwise","30",18,1,1,0.1,3
"1481","Stepwise","30",24,1,1,0.5,3
"1482","Stepwise","30",26,1,1,1,3
"1483","Stepwise","30",20,1,0.9,0.4,3
"1484","Stepwise","30",21,1,1,0.3,3
"1485","Stepwise","30",19,1,1,0.2,3
"1486","Stepwise","30",26,1,1,0.8,3
"1487","Stepwise","30",21,1,1,0.4,3
"1488","Stepwise","30",29,1,1,1,3
"1489","Stepwise","30",19,1,1,0.3,3
"1490","Stepwise","30",19,1,1,0.2,3
"1491","Stepwise","30",27,1,1,1,3
"1492","Stepwise","30",28,1,1,1,3
"1493","Stepwise","30",16,1,1,0,3
"1494","Stepwise","30",22,1,1,0.5,3
"1495","Stepwise","30",20,1,1,0.3,3
"1496","Stepwise","30",27,1,1,1,3
"1497","Stepwise","30",17,1,1,0,3
"1498","Stepwise","30",20,1,1,0.2,3
"1499","Stepwise","30",21,1,1,0.5,3
"1500","Stepwise","30",21,1,1,0.3,3
"1501","Stepwise","40",30,1,1,1,3
"1502","Stepwise","40",24,1,1,0.6,3
"1503","Stepwise","40",30,1,1,0.7,3
"1504","Stepwise","40",19,1,1,0.2,3
"1505","Stepwise","40",35,1,1,1,3
"1506","Stepwise","40",23,1,1,0.2,3
"1507","Stepwise","40",30,1,1,1,3
"1508","Stepwise","40",25,1,1,0.6,3
"1509","Stepwise","40",29,1,1,1,3
"1510","Stepwise","40",21,1,1,0.2,3
"1511","Stepwise","40",20,1,1,0.4,3
"1512","Stepwise","40",28,1,1,1,3
"1513","Stepwise","40",32,1,1,1,3
"1514","Stepwise","40",24,1,1,0.4,3
"1515","Stepwise","40",18,1,1,0.1,3
"1516","Stepwise","40",22,1,1,0.2,3
"1517","Stepwise","40",20,1,1,0.1,3
"1518","Stepwise","40",33,1,1,1,3
"1519","Stepwise","40",26,1,1,0.4,3
"1520","Stepwise","40",25,1,1,0.4,3
"1521","Stepwise","40",31,1,1,1,3
"1522","Stepwise","40",32,1,1,1,3
"1523","Stepwise","40",26,1,1,0.4,3
"1524","Stepwise","40",34,1,1,1,3
"1525","Stepwise","40",29,1,1,0.6,3
"1526","Stepwise","40",24,1,1,0.5,3
"1527","Stepwise","40",30,1,1,1,3
"1528","Stepwise","40",20,1,1,0.2,3
"1529","Stepwise","40",24,1,1,0.7,3
"1530","Stepwise","40",21,1,1,0,3
"1531","Stepwise","40",26,1,1,0.7,3
"1532","Stepwise","40",23,1,1,0.4,3
"1533","Stepwise","40",29,1,1,1,3
"1534","Stepwise","40",25,1,1,0.3,3
"1535","Stepwise","40",24,1,1,0.5,3
"1536","Stepwise","40",23,1,1,0.2,3
"1537","Stepwise","40",28,1,1,0.8,3
"1538","Stepwise","40",29,1,1,0.6,3
"1539","Stepwise","40",26,1,1,0.6,3
"1540","Stepwise","40",27,1,1,0.7,3
"1541","Stepwise","40",26,1,1,0.7,3
"1542","Stepwise","40",18,1,1,0.1,3
"1543","Stepwise","40",19,1,1,0.1,3
"1544","Stepwise","40",24,1,1,0.5,3
"1545","Stepwise","40",35,1,1,1,3
"1546","Stepwise","40",30,1,1,1,3
"1547","Stepwise","40",29,1,1,1,3
"1548","Stepwise","40",30,1,1,1,3
"1549","Stepwise","40",20,1,0.9,0.1,3
"1550","Stepwise","40",23,1,1,0.2,3
"1551","Stepwise","40",35,1,1,1,3
"1552","Stepwise","40",23,1,1,0.2,3
"1553","Stepwise","40",23,1,1,0.3,3
"1554","Stepwise","40",22,1,1,0.1,3
"1555","Stepwise","40",25,1,1,0.3,3
"1556","Stepwise","40",25,1,1,0.5,3
"1557","Stepwise","40",31,1,1,1,3
"1558","Stepwise","40",30,1,1,1,3
"1559","Stepwise","40",31,1,1,1,3
"1560","Stepwise","40",32,1,1,1,3
"1561","Stepwise","40",33,1,1,1,3
"1562","Stepwise","40",24,1,1,0.2,3
"1563","Stepwise","40",31,1,1,1,3
"1564","Stepwise","40",31,1,1,1,3
"1565","Stepwise","40",34,1,1,1,3
"1566","Stepwise","40",25,1,1,0.6,3
"1567","Stepwise","40",28,1,1,1,3
"1568","Stepwise","40",27,1,1,0.7,3
"1569","Stepwise","40",21,1,1,0.2,3
"1570","Stepwise","40",23,1,1,0.2,3
"1571","Stepwise","40",28,1,1,0.5,3
"1572","Stepwise","40",22,1,1,0.2,3
"1573","Stepwise","40",21,1,1,0.1,3
"1574","Stepwise","40",31,1,1,1,3
"1575","Stepwise","40",21,1,1,0.3,3
"1576","Stepwise","40",28,1,1,1,3
"1577","Stepwise","40",24,1,1,0.4,3
"1578","Stepwise","40",20,1,1,0.2,3
"1579","Stepwise","40",18,1,1,0.1,3
"1580","Stepwise","40",24,1,1,0.3,3
"1581","Stepwise","40",35,1,1,1,3
"1582","Stepwise","40",23,1,1,0.5,3
"1583","Stepwise","40",19,1,1,0,3
"1584","Stepwise","40",19,1,1,0.2,3
"1585","Stepwise","40",29,1,1,1,3
"1586","Stepwise","40",21,1,1,0.2,3
"1587","Stepwise","40",19,1,1,0,3
"1588","Stepwise","40",22,1,1,0.3,3
"1589","Stepwise","40",21,1,1,0.2,3
"1590","Stepwise","40",29,1,1,1,3
"1591","Stepwise","40",25,1,1,0.6,3
"1592","Stepwise","40",29,1,1,0.9,3
"1593","Stepwise","40",24,1,1,0.4,3
"1594","Stepwise","40",20,1,1,0.2,3
"1595","Stepwise","40",22,1,1,0,3
"1596","Stepwise","40",27,1,0.9,0.3,3
"1597","Stepwise","40",21,1,1,0.2,3
"1598","Stepwise","40",21,1,1,0.1,3
"1599","Stepwise","40",24,1,1,0.3,3
"1600","Stepwise","40",24,1,1,0.3,3
"1601","Stepwise","50",19,1,1,0,3
"1602","Stepwise","50",25,1,1,0.3,3
"1603","Stepwise","50",24,1,1,0.1,3
"1604","Stepwise","50",29,1,1,0.7,3
"1605","Stepwise","50",37,1,1,1,3
"1606","Stepwise","50",40,1,1,1,3
"1607","Stepwise","50",34,1,1,1,3
"1608","Stepwise","50",22,1,1,0.1,3
"1609","Stepwise","50",25,1,1,0.4,3
"1610","Stepwise","50",33,1,1,0.6,3
"1611","Stepwise","50",27,1,1,0.3,3
"1612","Stepwise","50",36,1,1,1,3
"1613","Stepwise","50",33,1,1,0.6,3
"1614","Stepwise","50",36,1,1,1,3
"1615","Stepwise","50",30,1,1,0.3,3
"1616","Stepwise","50",34,1,1,1,3
"1617","Stepwise","50",27,1,1,0.5,3
"1618","Stepwise","50",41,1,1,1,3
"1619","Stepwise","50",26,1,1,0.6,3
"1620","Stepwise","50",24,1,1,0.2,3
"1621","Stepwise","50",23,1,1,0.2,3
"1622","Stepwise","50",28,1,1,0.7,3
"1623","Stepwise","50",37,1,1,1,3
"1624","Stepwise","50",24,1,1,0.4,3
"1625","Stepwise","50",22,1,1,0.1,3
"1626","Stepwise","50",28,1,1,0.5,3
"1627","Stepwise","50",32,1,1,1,3
"1628","Stepwise","50",35,1,1,1,3
"1629","Stepwise","50",29,1,1,0.2,3
"1630","Stepwise","50",22,1,1,0.2,3
"1631","Stepwise","50",20,1,1,0.2,3
"1632","Stepwise","50",35,1,1,0.7,3
"1633","Stepwise","50",22,1,1,0.2,3
"1634","Stepwise","50",33,1,1,0.7,3
"1635","Stepwise","50",20,1,1,0,3
"1636","Stepwise","50",25,1,1,0.1,3
"1637","Stepwise","50",32,1,1,0.8,3
"1638","Stepwise","50",32,1,1,1,3
"1639","Stepwise","50",33,1,1,1,3
"1640","Stepwise","50",32,1,1,0.8,3
"1641","Stepwise","50",31,1,1,0.5,3
"1642","Stepwise","50",39,1,1,1,3
"1643","Stepwise","50",28,1,1,0.5,3
"1644","Stepwise","50",31,1,1,1,3
"1645","Stepwise","50",35,1,1,1,3
"1646","Stepwise","50",34,1,1,1,3
"1647","Stepwise","50",40,1,1,1,3
"1648","Stepwise","50",29,1,1,0.7,3
"1649","Stepwise","50",28,1,1,0.2,3
"1650","Stepwise","50",35,1,1,1,3
"1651","Stepwise","50",25,1,1,0.3,3
"1652","Stepwise","50",33,1,1,1,3
"1653","Stepwise","50",31,1,1,0.7,3
"1654","Stepwise","50",32,1,1,1,3
"1655","Stepwise","50",35,1,1,0.6,3
"1656","Stepwise","50",27,1,1,0.4,3
"1657","Stepwise","50",25,1,1,0.2,3
"1658","Stepwise","50",28,1,1,0.6,3
"1659","Stepwise","50",31,1,1,0.6,3
"1660","Stepwise","50",26,1,1,0.5,3
"1661","Stepwise","50",34,1,1,0.7,3
"1662","Stepwise","50",18,1,1,0,3
"1663","Stepwise","50",32,1,1,0.6,3
"1664","Stepwise","50",21,1,1,0,3
"1665","Stepwise","50",29,1,1,0.3,3
"1666","Stepwise","50",22,1,1,0.3,3
"1667","Stepwise","50",36,1,1,1,3
"1668","Stepwise","50",28,1,1,0.5,3
"1669","Stepwise","50",33,1,1,1,3
"1670","Stepwise","50",33,1,1,1,3
"1671","Stepwise","50",31,1,1,1,3
"1672","Stepwise","50",30,1,1,1,3
"1673","Stepwise","50",33,1,1,0.6,3
"1674","Stepwise","50",38,1,1,1,3
"1675","Stepwise","50",23,1,1,0.3,3
"1676","Stepwise","50",32,1,1,1,3
"1677","Stepwise","50",30,1,0.9,0.4,3
"1678","Stepwise","50",36,1,1,1,3
"1679","Stepwise","50",31,1,1,0.8,3
"1680","Stepwise","50",33,1,1,1,3
"1681","Stepwise","50",40,1,1,1,3
"1682","Stepwise","50",36,1,1,1,3
"1683","Stepwise","50",32,1,1,0.7,3
"1684","Stepwise","50",25,1,1,0.3,3
"1685","Stepwise","50",33,1,1,1,3
"1686","Stepwise","50",32,1,1,1,3
"1687","Stepwise","50",33,1,1,1,3
"1688","Stepwise","50",33,1,1,0.6,3
"1689","Stepwise","50",39,1,1,1,3
"1690","Stepwise","50",34,1,1,1,3
"1691","Stepwise","50",32,1,1,1,3
"1692","Stepwise","50",25,1,1,0.4,3
"1693","Stepwise","50",39,1,1,1,3
"1694","Stepwise","50",27,1,1,0.6,3
"1695","Stepwise","50",30,1,1,1,3
"1696","Stepwise","50",29,1,1,0.5,3
"1697","Stepwise","50",23,1,1,0.3,3
"1698","Stepwise","50",29,1,1,0.6,3
"1699","Stepwise","50",23,1,1,0.2,3
"1700","Stepwise","50",24,1,1,0.3,3
"1701","Stepwise","60",26,1,1,0.3,3
"1702","Stepwise","60",38,1,1,0.7,3
"1703","Stepwise","60",30,1,1,0.5,3
"1704","Stepwise","60",36,1,1,0.7,3
"1705","Stepwise","60",28,1,1,0.4,3
"1706","Stepwise","60",43,1,1,1,3
"1707","Stepwise","60",40,1,1,0.7,3
"1708","Stepwise","60",41,1,1,1,3
"1709","Stepwise","60",29,1,1,0.5,3
"1710","Stepwise","60",29,1,1,0.4,3
"1711","Stepwise","60",39,1,1,1,3
"1712","Stepwise","60",29,1,1,0.3,3
"1713","Stepwise","60",40,1,1,1,3
"1714","Stepwise","60",40,1,1,0.9,3
"1715","Stepwise","60",28,1,1,0.1,3
"1716","Stepwise","60",33,1,1,1,3
"1717","Stepwise","60",29,1,1,0.2,3
"1718","Stepwise","60",37,1,1,0.5,3
"1719","Stepwise","60",41,1,1,1,3
"1720","Stepwise","60",36,1,1,1,3
"1721","Stepwise","60",39,1,1,1,3
"1722","Stepwise","60",39,1,1,1,3
"1723","Stepwise","60",42,1,1,1,3
"1724","Stepwise","60",22,1,1,0,3
"1725","Stepwise","60",47,1,1,1,3
"1726","Stepwise","60",41,1,1,1,3
"1727","Stepwise","60",52,1,1,1,3
"1728","Stepwise","60",37,1,1,1,3
"1729","Stepwise","60",34,1,1,0.7,3
"1730","Stepwise","60",30,1,1,0.6,3
"1731","Stepwise","60",24,1,1,0.3,3
"1732","Stepwise","60",37,1,1,1,3
"1733","Stepwise","60",40,1,1,1,3
"1734","Stepwise","60",30,1,1,0.4,3
"1735","Stepwise","60",28,1,1,0.4,3
"1736","Stepwise","60",37,1,1,0.6,3
"1737","Stepwise","60",32,1,1,0.4,3
"1738","Stepwise","60",27,1,1,0.1,3
"1739","Stepwise","60",23,1,1,0.2,3
"1740","Stepwise","60",30,1,1,0.2,3
"1741","Stepwise","60",32,1,1,0.7,3
"1742","Stepwise","60",37,1,1,0.3,3
"1743","Stepwise","60",25,1,1,0.4,3
"1744","Stepwise","60",48,1,1,1,3
"1745","Stepwise","60",41,1,1,0.7,3
"1746","Stepwise","60",27,1,1,0.1,3
"1747","Stepwise","60",33,1,1,0.4,3
"1748","Stepwise","60",23,1,1,0.2,3
"1749","Stepwise","60",40,1,1,1,3
"1750","Stepwise","60",35,1,1,0.7,3
"1751","Stepwise","60",27,1,1,0.3,3
"1752","Stepwise","60",41,1,1,1,3
"1753","Stepwise","60",44,1,1,1,3
"1754","Stepwise","60",36,1,1,1,3
"1755","Stepwise","60",33,1,1,0.5,3
"1756","Stepwise","60",27,1,1,0.4,3
"1757","Stepwise","60",27,1,1,0.3,3
"1758","Stepwise","60",43,1,1,0.5,3
"1759","Stepwise","60",41,1,1,1,3
"1760","Stepwise","60",35,1,1,1,3
"1761","Stepwise","60",30,1,0.9,0.4,3
"1762","Stepwise","60",35,1,1,0.8,3
"1763","Stepwise","60",40,1,1,1,3
"1764","Stepwise","60",41,1,1,1,3
"1765","Stepwise","60",39,1,1,0.7,3
"1766","Stepwise","60",33,1,1,0.5,3
"1767","Stepwise","60",36,1,1,1,3
"1768","Stepwise","60",28,1,1,0.2,3
"1769","Stepwise","60",29,1,1,0.2,3
"1770","Stepwise","60",27,1,1,0.4,3
"1771","Stepwise","60",36,1,1,0.6,3
"1772","Stepwise","60",35,1,1,1,3
"1773","Stepwise","60",36,1,1,0.6,3
"1774","Stepwise","60",37,1,1,1,3
"1775","Stepwise","60",35,1,1,0.3,3
"1776","Stepwise","60",21,1,1,0.1,3
"1777","Stepwise","60",32,1,1,0.4,3
"1778","Stepwise","60",37,1,1,1,3
"1779","Stepwise","60",30,1,1,0.3,3
"1780","Stepwise","60",47,1,1,1,3
"1781","Stepwise","60",38,1,1,0.8,3
"1782","Stepwise","60",23,1,1,0.1,3
"1783","Stepwise","60",32,1,1,1,3
"1784","Stepwise","60",33,1,1,0.5,3
"1785","Stepwise","60",34,1,1,0.9,3
"1786","Stepwise","60",29,1,1,0.4,3
"1787","Stepwise","60",25,1,1,0.2,3
"1788","Stepwise","60",44,1,1,1,3
"1789","Stepwise","60",48,1,1,1,3
"1790","Stepwise","60",38,1,1,1,3
"1791","Stepwise","60",32,1,1,0.4,3
"1792","Stepwise","60",29,1,1,0.5,3
"1793","Stepwise","60",29,1,1,0.3,3
"1794","Stepwise","60",44,1,1,1,3
"1795","Stepwise","60",30,1,1,0.2,3
"1796","Stepwise","60",22,1,1,0.2,3
"1797","Stepwise","60",31,1,1,0.5,3
"1798","Stepwise","60",26,1,1,0.1,3
"1799","Stepwise","60",35,1,1,0.5,3
"1800","Stepwise","60",29,1,1,0.4,3
"1801","Stepwise","70",55,1,1,1,3
"1802","Stepwise","70",43,1,1,1,3
"1803","Stepwise","70",42,1,1,1,3
"1804","Stepwise","70",32,1,1,0.2,3
"1805","Stepwise","70",36,1,1,0.7,3
"1806","Stepwise","70",32,1,1,0.3,3
"1807","Stepwise","70",42,1,1,1,3
"1808","Stepwise","70",35,1,1,0.2,3
"1809","Stepwise","70",29,1,1,0.3,3
"1810","Stepwise","70",39,1,1,0.4,3
"1811","Stepwise","70",46,1,1,0.4,3
"1812","Stepwise","70",43,1,1,1,3
"1813","Stepwise","70",39,1,1,0.5,3
"1814","Stepwise","70",26,1,1,0.1,3
"1815","Stepwise","70",36,1,1,0.3,3
"1816","Stepwise","70",35,1,1,0.3,3
"1817","Stepwise","70",26,1,1,0.3,3
"1818","Stepwise","70",50,1,1,1,3
"1819","Stepwise","70",32,1,1,0.5,3
"1820","Stepwise","70",29,1,1,0.1,3
"1821","Stepwise","70",33,1,1,0.4,3
"1822","Stepwise","70",35,1,1,0.6,3
"1823","Stepwise","70",32,1,0.9,0.4,3
"1824","Stepwise","70",38,1,1,0.6,3
"1825","Stepwise","70",42,1,1,1,3
"1826","Stepwise","70",40,1,1,1,3
"1827","Stepwise","70",50,1,1,1,3
"1828","Stepwise","70",26,1,1,0.4,3
"1829","Stepwise","70",48,1,1,1,3
"1830","Stepwise","70",33,1,0.9,0.2,3
"1831","Stepwise","70",25,1,1,0.1,3
"1832","Stepwise","70",42,1,1,1,3
"1833","Stepwise","70",36,1,1,0.4,3
"1834","Stepwise","70",43,1,1,0.7,3
"1835","Stepwise","70",42,1,1,0.8,3
"1836","Stepwise","70",52,1,1,1,3
"1837","Stepwise","70",40,1,1,1,3
"1838","Stepwise","70",40,1,1,0.5,3
"1839","Stepwise","70",47,1,1,1,3
"1840","Stepwise","70",45,1,1,0.8,3
"1841","Stepwise","70",35,1,1,0.1,3
"1842","Stepwise","70",42,1,1,0.5,3
"1843","Stepwise","70",23,1,1,0.2,3
"1844","Stepwise","70",37,1,1,0.3,3
"1845","Stepwise","70",47,1,1,1,3
"1846","Stepwise","70",25,1,1,0.2,3
"1847","Stepwise","70",34,1,1,1,3
"1848","Stepwise","70",25,1,1,0.3,3
"1849","Stepwise","70",30,1,1,0.5,3
"1850","Stepwise","70",35,1,1,0.4,3
"1851","Stepwise","70",39,1,1,0.4,3
"1852","Stepwise","70",48,1,1,1,3
"1853","Stepwise","70",37,1,1,0.5,3
"1854","Stepwise","70",26,1,1,0.1,3
"1855","Stepwise","70",34,1,1,0.6,3
"1856","Stepwise","70",28,1,1,0,3
"1857","Stepwise","70",39,1,1,0.4,3
"1858","Stepwise","70",37,1,1,1,3
"1859","Stepwise","70",42,1,1,1,3
"1860","Stepwise","70",43,1,1,0.6,3
"1861","Stepwise","70",25,1,1,0.1,3
"1862","Stepwise","70",57,1,1,1,3
"1863","Stepwise","70",33,1,1,0.6,3
"1864","Stepwise","70",47,1,1,1,3
"1865","Stepwise","70",29,1,1,0.1,3
"1866","Stepwise","70",51,1,1,1,3
"1867","Stepwise","70",48,1,1,1,3
"1868","Stepwise","70",49,1,1,0.7,3
"1869","Stepwise","70",38,1,1,0.9,3
"1870","Stepwise","70",28,1,1,0.1,3
"1871","Stepwise","70",45,1,1,1,3
"1872","Stepwise","70",41,1,1,1,3
"1873","Stepwise","70",44,1,1,0.6,3
"1874","Stepwise","70",40,1,1,0.7,3
"1875","Stepwise","70",38,1,1,0.5,3
"1876","Stepwise","70",32,1,1,0.3,3
"1877","Stepwise","70",27,1,1,0.1,3
"1878","Stepwise","70",39,1,1,0.7,3
"1879","Stepwise","70",45,1,1,1,3
"1880","Stepwise","70",50,1,1,1,3
"1881","Stepwise","70",37,1,1,0.4,3
"1882","Stepwise","70",23,1,1,0.1,3
"1883","Stepwise","70",31,1,1,0.4,3
"1884","Stepwise","70",39,1,1,0.3,3
"1885","Stepwise","70",41,1,1,1,3
"1886","Stepwise","70",31,1,1,0.3,3
"1887","Stepwise","70",32,1,1,0.4,3
"1888","Stepwise","70",43,1,1,1,3
"1889","Stepwise","70",30,1,1,0.3,3
"1890","Stepwise","70",40,1,1,0.3,3
"1891","Stepwise","70",37,1,1,1,3
"1892","Stepwise","70",41,1,1,0,3
"1893","Stepwise","70",39,1,1,0.7,3
"1894","Stepwise","70",48,1,1,0.8,3
"1895","Stepwise","70",44,1,1,0.7,3
"1896","Stepwise","70",33,1,1,0.6,3
"1897","Stepwise","70",31,1,1,0.4,3
"1898","Stepwise","70",29,1,1,0.5,3
"1899","Stepwise","70",35,1,1,1,3
"1900","Stepwise","70",61,1,1,1,3
"1901","Stepwise","80",56,1,1,1,3
"1902","Stepwise","80",57,1,1,1,3
"1903","Stepwise","80",69,1,1,1,3
"1904","Stepwise","80",38,1,1,0.4,3
"1905","Stepwise","80",59,1,1,1,3
"1906","Stepwise","80",46,1,1,0.2,3
"1907","Stepwise","80",32,1,1,0.3,3
"1908","Stepwise","80",60,1,1,1,3
"1909","Stepwise","80",33,1,1,0.3,3
"1910","Stepwise","80",52,1,1,0.6,3
"1911","Stepwise","80",51,1,1,0.6,3
"1912","Stepwise","80",32,1,1,0.2,3
"1913","Stepwise","80",45,1,1,1,3
"1914","Stepwise","80",35,1,1,0.2,3
"1915","Stepwise","80",46,1,1,0.3,3
"1916","Stepwise","80",71,1,1,1,3
"1917","Stepwise","80",42,1,1,0.4,3
"1918","Stepwise","80",48,1,0.9,0.4,3
"1919","Stepwise","80",42,1,1,0.4,3
"1920","Stepwise","80",44,1,1,1,3
"1921","Stepwise","80",62,1,1,1,3
"1922","Stepwise","80",39,1,1,0.2,3
"1923","Stepwise","80",36,1,1,0.5,3
"1924","Stepwise","80",30,1,1,0.1,3
"1925","Stepwise","80",55,1,1,0.9,3
"1926","Stepwise","80",48,1,1,0.5,3
"1927","Stepwise","80",27,1,0.9,0.3,3
"1928","Stepwise","80",41,1,1,0.4,3
"1929","Stepwise","80",34,1,1,0.2,3
"1930","Stepwise","80",40,1,1,0.8,3
"1931","Stepwise","80",50,1,1,0.6,3
"1932","Stepwise","80",60,1,1,1,3
"1933","Stepwise","80",51,1,1,0.6,3
"1934","Stepwise","80",43,1,1,0.4,3
"1935","Stepwise","80",68,1,1,1,3
"1936","Stepwise","80",47,1,1,0.4,3
"1937","Stepwise","80",52,1,1,1,3
"1938","Stepwise","80",53,1,1,1,3
"1939","Stepwise","80",48,1,1,0.2,3
"1940","Stepwise","80",29,1,1,0.3,3
"1941","Stepwise","80",31,1,1,0.2,3
"1942","Stepwise","80",39,1,1,1,3
"1943","Stepwise","80",46,1,1,1,3
"1944","Stepwise","80",35,1,1,1,3
"1945","Stepwise","80",33,1,1,0.4,3
"1946","Stepwise","80",58,1,1,0.7,3
"1947","Stepwise","80",45,1,1,1,3
"1948","Stepwise","80",55,1,1,1,3
"1949","Stepwise","80",59,1,1,0.6,3
"1950","Stepwise","80",50,1,1,1,3
"1951","Stepwise","80",52,1,1,1,3
"1952","Stepwise","80",38,1,0.9,0.5,3
"1953","Stepwise","80",49,1,1,1,3
"1954","Stepwise","80",33,1,1,0.3,3
"1955","Stepwise","80",49,1,1,0.7,3
"1956","Stepwise","80",46,1,1,0.7,3
"1957","Stepwise","80",52,1,1,1,3
"1958","Stepwise","80",41,1,1,0.5,3
"1959","Stepwise","80",35,1,0.8,0.4,3
"1960","Stepwise","80",44,1,1,1,3
"1961","Stepwise","80",44,1,1,0.4,3
"1962","Stepwise","80",38,1,1,0.1,3
"1963","Stepwise","80",33,1,1,0.1,3
"1964","Stepwise","80",57,1,1,1,3
"1965","Stepwise","80",55,1,1,0.6,3
"1966","Stepwise","80",60,1,1,0.9,3
"1967","Stepwise","80",57,1,0.9,1,3
"1968","Stepwise","80",42,1,1,0.4,3
"1969","Stepwise","80",54,1,1,1,3
"1970","Stepwise","80",36,1,1,0.5,3
"1971","Stepwise","80",38,1,1,0.6,3
"1972","Stepwise","80",41,1,1,0.8,3
"1973","Stepwise","80",64,1,1,0.8,3
"1974","Stepwise","80",56,1,1,1,3
"1975","Stepwise","80",64,1,1,1,3
"1976","Stepwise","80",70,1,1,1,3
"1977","Stepwise","80",44,1,1,0.4,3
"1978","Stepwise","80",45,1,1,0.7,3
"1979","Stepwise","80",41,1,1,0.3,3
"1980","Stepwise","80",69,1,1,1,3
"1981","Stepwise","80",40,1,1,0.4,3
"1982","Stepwise","80",37,1,1,0.3,3
"1983","Stepwise","80",33,1,1,0.2,3
"1984","Stepwise","80",51,1,1,0.7,3
"1985","Stepwise","80",72,1,1,1,3
"1986","Stepwise","80",63,1,1,1,3
"1987","Stepwise","80",49,1,1,1,3
"1988","Stepwise","80",38,1,1,0.4,3
"1989","Stepwise","80",48,1,1,1,3
"1990","Stepwise","80",55,1,1,1,3
"1991","Stepwise","80",67,1,1,0.7,3
"1992","Stepwise","80",41,1,1,0.4,3
"1993","Stepwise","80",44,1,1,0.2,3
"1994","Stepwise","80",50,1,1,0.3,3
"1995","Stepwise","80",52,1,1,1,3
"1996","Stepwise","80",44,1,1,0.3,3
"1997","Stepwise","80",39,1,1,0.2,3
"1998","Stepwise","80",37,1,1,0.4,3
"1999","Stepwise","80",50,1,1,1,3
"2000","Stepwise","80",35,1,1,0.5,3
"2001","Stepwise","90",77,1,1,0.8,3
"2002","Stepwise","90",62,1,1,1,3
"2003","Stepwise","90",79,1,1,0.9,3
"2004","Stepwise","90",55,1,1,0.9,3
"2005","Stepwise","90",66,1,1,0.8,3
"2006","Stepwise","90",50,1,1,0.9,3
"2007","Stepwise","90",52,1,1,1,3
"2008","Stepwise","90",44,1,1,0.6,3
"2009","Stepwise","90",85,1,1,0.9,3
"2010","Stepwise","90",77,1,1,1,3
"2011","Stepwise","90",48,1,1,0.4,3
"2012","Stepwise","90",54,1,1,1,3
"2013","Stepwise","90",82,1,1,1,3
"2014","Stepwise","90",52,1,1,0.5,3
"2015","Stepwise","90",72,1,1,1,3
"2016","Stepwise","90",51,1,1,0.6,3
"2017","Stepwise","90",76,1,1,1,3
"2018","Stepwise","90",75,1,1,1,3
"2019","Stepwise","90",52,1,1,0.6,3
"2020","Stepwise","90",28,1,0.9,0.2,3
"2021","Stepwise","90",53,1,1,0.3,3
"2022","Stepwise","90",60,1,1,0.8,3
"2023","Stepwise","90",56,1,1,0.6,3
"2024","Stepwise","90",86,1,1,1,3
"2025","Stepwise","90",78,1,1,1,3
"2026","Stepwise","90",43,1,1,0.1,3
"2027","Stepwise","90",67,1,1,1,3
"2028","Stepwise","90",57,1,1,1,3
"2029","Stepwise","90",43,1,1,0.6,3
"2030","Stepwise","90",34,1,1,0.3,3
"2031","Stepwise","90",62,1,1,1,3
"2032","Stepwise","90",22,1,1,0.1,3
"2033","Stepwise","90",87,1,1,1,3
"2034","Stepwise","90",51,1,1,0.6,3
"2035","Stepwise","90",37,1,1,0.4,3
"2036","Stepwise","90",82,1,1,1,3
"2037","Stepwise","90",65,1,1,1,3
"2038","Stepwise","90",88,1,1,1,3
"2039","Stepwise","90",74,1,1,1,3
"2040","Stepwise","90",59,1,1,0.8,3
"2041","Stepwise","90",80,1,1,1,3
"2042","Stepwise","90",52,1,1,1,3
"2043","Stepwise","90",37,1,1,0.2,3
"2044","Stepwise","90",57,1,1,1,3
"2045","Stepwise","90",47,1,1,0.6,3
"2046","Stepwise","90",90,1,1,1,3
"2047","Stepwise","90",76,1,1,1,3
"2048","Stepwise","90",37,1,1,0.6,3
"2049","Stepwise","90",34,1,1,0,3
"2050","Stepwise","90",32,1,1,0.4,3
"2051","Stepwise","90",76,1,1,1,3
"2052","Stepwise","90",84,1,1,1,3
"2053","Stepwise","90",82,1,1,1,3
"2054","Stepwise","90",46,1,1,0.5,3
"2055","Stepwise","90",53,1,1,1,3
"2056","Stepwise","90",39,1,1,0.3,3
"2057","Stepwise","90",57,1,1,1,3
"2058","Stepwise","90",59,1,1,0.7,3
"2059","Stepwise","90",48,1,1,1,3
"2060","Stepwise","90",53,1,1,1,3
"2061","Stepwise","90",87,1,1,0.9,3
"2062","Stepwise","90",77,1,1,0.7,3
"2063","Stepwise","90",44,1,1,0.5,3
"2064","Stepwise","90",71,1,1,1,3
"2065","Stepwise","90",63,1,1,0.8,3
"2066","Stepwise","90",61,1,1,0.9,3
"2067","Stepwise","90",59,1,1,1,3
"2068","Stepwise","90",52,1,1,1,3
"2069","Stepwise","90",87,1,1,0.9,3
"2070","Stepwise","90",75,1,1,1,3
"2071","Stepwise","90",40,1,1,0.3,3
"2072","Stepwise","90",46,1,1,0.8,3
"2073","Stepwise","90",56,1,1,0.5,3
"2074","Stepwise","90",45,1,1,0.3,3
"2075","Stepwise","90",59,1,1,1,3
"2076","Stepwise","90",79,1,1,1,3
"2077","Stepwise","90",85,1,1,1,3
"2078","Stepwise","90",31,1,1,0.4,3
"2079","Stepwise","90",66,1,1,0.7,3
"2080","Stepwise","90",57,1,1,0.7,3
"2081","Stepwise","90",65,1,1,1,3
"2082","Stepwise","90",41,1,1,0.3,3
"2083","Stepwise","90",76,1,1,1,3
"2084","Stepwise","90",53,1,1,0.4,3
"2085","Stepwise","90",52,1,1,0.7,3
"2086","Stepwise","90",72,1,1,1,3
"2087","Stepwise","90",74,1,1,1,3
"2088","Stepwise","90",67,1,1,1,3
"2089","Stepwise","90",83,1,1,1,3
"2090","Stepwise","90",53,1,1,0.9,3
"2091","Stepwise","90",75,1,1,1,3
"2092","Stepwise","90",61,1,1,1,3
"2093","Stepwise","90",53,1,1,0.2,3
"2094","Stepwise","90",55,1,1,1,3
"2095","Stepwise","90",44,1,1,0.4,3
"2096","Stepwise","90",54,1,1,0.7,3
"2097","Stepwise","90",56,1,1,0.7,3
"2098","Stepwise","90",54,1,1,1,3
"2099","Stepwise","90",54,1,1,1,3
"2100","Stepwise","90",81,1,1,1,3
